MAINTENANCE_AGENCY_ID,VARIABLE_ID,CODE,NAME,DOMAIN_ID,DESCRIPTION,PRIMARY_CONCEPT,IS_DECOMPOSED
ECB,ACCMLTD_CHNGS_FV_CR,ACCMLTD_CHNGS_FV_CR,Accumulated changes in fair value due to credit risk,MNTRY,Accumulated changes in fair value due to credit risk in accordance with Part 2.46 of Annex V to Implementing Regulation (EU) No 680/2014.,,
ECB,ACCMLTD_IMPRMNT,ACCMLTD_IMPRMNT,Accumulated impairment,MNTRY,"The amount of loss allowances that are held against or are allocated to the instrument on the reporting reference date. This data attribute applies to instruments subject to impairment under the applied accounting standard. Under IFRS, the accumulated impairment relates to the following amounts: (i) loss allowance at an amount equal to 12-month expected credit losses; (ii) loss allowance at an amount equal to lifetime expected credit losses. Under GAAP, the accumulated impairment relates to the following amounts: (i) loss allowance at an amount equal to general allowances; (ii) loss allowance at an amount equal to specific allowances.",,
ECB,ACCMLTD_WRTFFS,ACCMLTD_WRTFFS,Accumulated write-offs,MNTRY,"Cumulative amount of principal and past due interest of any debt instrument that the institution is no longer recognising because they are considered uncollectible, independently of the portfolio in which they were included. Write-offs could be caused both by reductions in the carrying amount of financial assets recognised directly in profit or loss and by reductions in the amounts of the allowance accounts for credit losses set off against the carrying amount of financial assets.",,
ECB,ACCNTNG_CLSSFCTN,ACCNTNG_CLSSFCTN,Accounting classification,ACCNTNG_CLSSFCTN,Accounting portfolio where the instrument is recorded in accordance with the accounting standard – IFRS or national GAAP –under Regulation (EU) 2015/534 (ECB/2015/13) applied by the observed agent's legal entity.,,
ECB,ACCNTNG_FRMWRK_SL,ACCNTNG_FRMWRK_SL,Accounting framework for solo reporting,ACCNTNG_FRMWRK,Information on the accounting framework used by the entity when reporting on a solo basis. The information provided by NCAs is used to calculate the Accounting standard attribute to EBA (ACC_STD).,,
ECB,ACCRD_INTRST,ACCRD_INTRST,Accrued interest (accounting),MNTRY,"The amount of accrued interest on loans at the reporting reference date as defined in Regulation (EU) No 1071/2013 (ECB/2013/33). In accordance with the general principle of accruals accounting, interest receivable on instruments should be subject to on-balance sheet recording as it accrues (i.e. on an accruals basis) rather than when it is actually received (i.e. on a cash basis).",,
ECB,ANNLSD_AGRD_RT,ANNLSD_AGRD_RT,Interest rate,RL,Annualised agreed rate or narrowly defined interest rate in accordance with Regulation (EU) No 1072/2013 of the European Central Bank (ECB/2013/34).,,
ECB,ANNL_TRNVR,ANNL_TRNVR,Annual turnover,MNTRY,Annual sales volume net of all discounts and sales taxes in accordance with Recommendation 2003/361/EC. Equivalent to the concept of 'total annual sales' in Article 153(4) of Regulation (EU) No 575/2013.,,
ECB,ARRRS,ARRRS,Arrears for the instrument,MNTRY,"Aggregate amount of principal, interest and any fee payment outstanding at the reporting date, which is contractually due and has not been paid (past due). This amount is always to be reported. '0' is to be reported if the instrument was not past due on the reporting date.",,
ECB,BLNC_SHT_TTL,BLNC_SHT_TTL,Balance sheet total,MNTRY,Carrying value of total assets in accordance with Regulation (EU) 549/2013.,,
ECB,CMLTV_RCVRS_SNC_DFLT,CMLTV_RCVRS_SNC_DFLT,Cumulative recoveries since default,MNTRY,The total amount recovered since the date of default.,,
ECB,CMMTMNT_INCPTN,CMMTMNT_INCPTN,Commitment amount at inception,MNTRY,"Observed agent's maximum exposure to credit risk on the inception date of the instrument, without taking into account any protection held or other credit enhancements. Total commitment amount on the inception date is established during the approval process and is intended to restrict an observed agent's amount of credit risk to a given counterparty for the relevant instrument.",,
ECB,CNTRCT_ID,CNTRCT_ID,Contract identifier,STRNG,An identifier applied by the reporting agent to uniquely identify each contract. Each contract must have one contract identifier. This value will not change over time and cannot be used as the contract identifier for any other contract.,,
ECB,CNTRY,CNTRY,Country of residence,GGRPHCL_ARS,Counterparty’s country.,,
ECB,CRRNCY_DNMNTN,CRRNCY_DNMNTN,Currency denomination of instruments,CRRNCY,"Currency denomination of instruments, in accordance with the ISO’s 4217 standard",,
ECB,CRRYNG_AMNT,CRRYNG_AMNT,Carrying amount,MNTRY,The carrying amount in accordance with Annex V to Implementing Regulation (EU) No 680/2014.,,
ECB,CTY,CTY,City,STRNG,"City, town or village.",,
ECB,DFLT_STTS,DFLT_STTS,Default status,CRDT_QLTY,Identification of the default status of the instrument or entity. Categories describing the situations in which an instrument or entity can be described as being at default in accordance with Article 178 of Regulation (EU) No 575/2013.,,
ECB,DT_DFLT_STTS,DT_DFLT_STTS,Date of default status,DT,The date on which the default status is considered to have arisen.,,
ECB,DT_END_INTRST_ONLY,DT_END_INTRST_ONLY,End date of the interest-only period,DT,"The date on which the interest-only period ends. Interest-only is an instrument for which, for a contractually set period, only the interest on the principal balance is paid, with the principal balance remaining unchanged.",,
ECB,DT_ENTRPRS_SZ,DT_ENTRPRS_SZ,Date of enterprise size,DT,The date to which the value provided in the ‘enterprise size’ refers. This is the date of the latest data used to classify or review the classification of the enterprise.,,
ECB,DT_FRBRNC_STTS,DT_FRBRNC_STTS,Date of forbearance and renegotiation status,DT,The date on which a forbearance or renegotiation status as reported under 'status of forbearance and renegotiation' is considered to have occurred.,,
ECB,DT_INCPTN,DT_INCPTN,Inception date,DT,"The date on which the current contractual relationship originated, i.e. the date on which the contract agreement became binding for all parties.",,
ECB,DT_INTTN_LGL_PRCDNGS,DT_INTTN_LGL_PRCDNGS,Date of initiation of legal proceedings,DT,"The date on which the legal proceedings, as reported under the attribute ‘status of legal proceedings’, were initiated. This date should be the most recent relevant date prior to the reporting date and should only be reported if the data attribute 'Status of legal proceedings' has a value other than 'No legal actions taken'.",,
ECB,DT_LGL_FNL_MTRTY,DT_LGL_FNL_MTRTY,Legal final maturity date,DT,"The contractual maturity date of the instrument, taking into account any agreements amending initial contracts.",,
ECB,DT_MTRTY_PRTCTN,DT_MTRTY_PRTCTN,Maturity date of the protection,DT,"The contractual maturity date of the protection, which is the earliest date at which the protection may terminate or be terminated, taking into account any agreements amending initial contracts.",,
ECB,DT_NXT_INTRST_RT_RST,DT_NXT_INTRST_RT_RST,Next interest rate reset date,DT,"Next interest rate reset date is the date that the next interest rate reset, as defined in Part 3 of Annex I to Regulation (EU) No 1071/2013 (ECB/2013/33), takes place for the Serviced asset instrument. If the Serviced asset instrument is not subject to a future interest rate reset, its legal final maturity date will be reported.",,
ECB,DT_ORGNL_PRTCTN_VL,DT_ORGNL_PRTCTN_VL,Date of original protection value,DT,"The date of the protection’s original value, i.e. the date on which the latest appraisal or valuation of the protection was carried out prior to its initial receipt as a credit protection.",,
ECB,DT_PRFRMNG_STTS,DT_PRFRMNG_STTS,Date of the performing status of the instrument,DT,The date on which the performing status is considered to have been established or changed.,,
ECB,DT_PRTCTN_VL,DT_PRTCTN_VL,Date of protection value,DT,The date on which the latest appraisal or valuation of the protection was carried out prior to the reporting reference date.,,
ECB,DT_PST_D,DT_PST_D,Date of past due,DT,The date on which the instrument became past due in accordance with Part 2.48 of Annex V to Implementing Regulation (EU) No 680/2014. This is the latest such date prior to the reporting reference date and it is to be reported if the instrument is past due on the reporting reference date.,,
ECB,DT_RFRNC,DT_RFRNC,Reference date,DT,"Reporting agents shall report credit data as recorded on the following reporting reference dates: (a) for monthly transmissions, on the last day of each month; (b) for quarterly transmissions, on the last day of March, June, September and December.",,
ECB,DT_STTLMNT,DT_STTLMNT,Settlement date,DT,"The date on which the conditions specified in the contract are or can be executed for the first time, i.e. the date on which financial instruments are initially exchanged or created.",,
EBA,EBA_ACT,ACT,Accounting treatment,EBA_RT,Defines whether the item is entirely or partially recognized or derecognized in the accounting statements of the reporting institution.,,
EBA,EBA_ALO,ALO,Type of allowance,EBA_IM,Specifies the type of allowance for credit losses.,,
EBA,EBA_APL,APL,Accounting portfolio,EBA_PL,"Accounting portfolios shall mean financial instruments aggregated by valuation rules (e.g. ""Available-for-sale financial assets""). Accounting portfolios only comprise financial assets and financial liabilities.",,
EBA,EBA_APR,APR,Approach for prudential purposes,EBA_AP,Approach used for the calculation of capital requirements.,,
EBA,EBA_ATY,ATY,Metric,EBA_ATY,"Details the data type (e.g. monetary, percentage, string) of the data point. In XBRL, it is the ""primary item"". Generally, it indicates the ""metrics"" of the Main category provided (i.e. answers the question: how is measured?). It should be defined for each data point. In the case of monetary values, when the data point is referred to a (change during a) period of time, the member name shall finish in ""(flow)"". When the member name has other terminations, the data point is a measurement at a date (i.e. ""stock"").",,
EBA,EBA_BAS,BAS,Base,EBA_BA,"Defines the basic conceptual meaning of a data point. Identifies the framework in which a data point is included. For FINREP, it indicates in which group of element of the financial statement should be included the data point (e.g. assets, liabilities, equity, income, expenses). For COREP, it indicates whether the data point should be computed in the numerator (own funds) or the denominator (exposures) of the Pillar I solvency ratio. It determines whether the data point has a ""debit"" or a ""credit"" attribute.",,
EBA,EBA_BLI,BLI,Business line,EBA_TA,Defines the business line that generates operational risk.,,
EBA,EBA_CAL,CAL,Calculation method,EBA_AP,Identifies the method used to calculate values (e.g. sums),,
EBA,EBA_CBC,CBC,Covered bond issuance,EBA_CB,"For each cover bond issuance, consists of the name or unambiguous abbreviation of the covered bond issuing entity and the designation of the covered bond that individually is subject to the relevant covered bond protective measures",,
EBA,EBA_CMA,CMA,Country of the market,EBA_GA,Defined the country in which is located the market on which the instrument is traded.,,
EBA,EBA_CNO,CNO,Controlling and non-controlling owners,EBA_BT,"For equity components, it indicates whether they belong to the owners of the parent or to non-controlling owners (minority interests).",,
EBA,EBA_CONS_LEVEL,CONS_LEVEL,Consolidation level,EBA_CONS_LEVEL,,,
EBA,EBA_CPC,CPC,Counterparty sector of the collateral,EBA_CT,Defines the institutional sector of the counterparty of financial instruments received/given as collateral.,,
EBA,EBA_CPE,CPE,Counterparty sector of the source of encumbrance,EBA_CT,Defines the counterparty sector of the transactions that pose a source of encumbrance,,
EBA,EBA_CPS,CPS,Counterparty sector,EBA_CT,Defines the sector of the counterparty of financial instruments (e.g. Central banks or Credit institutions).,,
EBA,EBA_CPZ,CPZ,Size of the counterparty,EBA_CT,Specifies the size category of the counterpart,,
EBA,EBA_CRA,CRA,Credit rating agency /Covered bond regime,EBA_ER,"For each issuance of covered bonds, specifies both the credit rating that rates the issuance and the local statutory regime",,
EBA,EBA_CSC,CSC,Contingent scenario/Assumptions used,EBA_CS,Contingent scenario whose impact is reported,,
EBA,EBA_CTL,CTL,Collateralisation level,EBA_CG,,,
EBA,EBA_CUS,CUS,Currency with significant liabilities,EBA_CU,Defines the currencies of the significant liabilities,,
EBA,EBA_DPS,DPS,Derivatives Purchased/Sold,EBA_MC,"For derivatives, it indicates whether the reporting institution has sold or purchased them.",,
EBA,EBA_ECC,ECC,Exposure class of the collateral received,EBA_EC,"For Liquidity purposes, defines the exposure class of the collateral received",,
EBA,EBA_ENC,ENC,Encumbrance,EBA_CG,Specifies the condition related to the encumbrance of the asset,,
EBA,EBA_ENTITY_ID,ENTITY_ID,Entity ID,EBA_STRNG,,,
EBA,EBA_EUT,EUT,Time of encumbrance,EBA_TI,Specifies the time that the assets is expected to remain encumbered.,,
EBA,EBA_EXC,EXC,Exposure class,EBA_EC,Defines the exposure class for capital requirement purposes,,
EBA,EBA_Entity_Id,Entity_Id,Entity id,EBA_String,Entity_id,,
EBA,EBA_FBS,FBS,Forbearance status,EBA_IM,"Identifies the financial assets and off-balance sheet items with forbearance measures and, if applicable, the type of forbearance measures",,
EBA,EBA_FLT,FLT,Flows (type / source / reason),EBA_MC,,,
EBA,EBA_FLW,FLW,Flows (direction),EBA_MC,,,
EBA,EBA_FRS,FRS,Financial reporting standard,EBA_AP,"Financial reporting standard for recognition, measurement and presentation (IFRS or national GAAP) to define the scope of reported items.",,
EBA,EBA_FVH,FVH,Fair value hierarchy,EBA_MA,Determines the level in the fair value hierarchy to which the estimation belongs.,,
EBA,EBA_HFI,HFI,Hybrid instruments,EBA_BT,"For financial instruments, it indicates whether there are hybrid instruments (i.e. that combine a host contract with embedded derivative contracts) or not.",,
EBA,EBA_II676,II676,Number of instruments,EBA_Integer,Number of instruments,,
EBA,EBA_II694,II694,Number of collaterals obtained by taking possession,EBA_Integer,Number of collaterals obtained by taking possession,,
EBA,EBA_IMS,IMS,Impairment status,EBA_IM,"Status for monitoring credit quality of financial assets and off-balance sheet items (e.g. past due, impaired, defaulted).",,
EBA,EBA_LAC,LAC,Location of the activities,EBA_BT,"Identifies the nature of the geographical area where activities are undertaken. ""Location"" means the jurisdiction of incorporation of the legal entity which has recognised the asset or liability; for branches, it means the jurisdiction of residence.",,
EBA,EBA_LEC,LEC,Legal entity,EBA_LE,Defines the entity code of the entity for which information is provided.,,
EBA,EBA_LHC,LHC,Holding company,EBA_LE,,,
EBA,EBA_LHO,LHO,Is LEI Code/National Code of Holding,EBA_BT,,,
EBA,EBA_LIN,LIN,Investee,EBA_LE,,,
EBA,EBA_LQA,LQA,Liquidity quality of assets,EBA_LQ,Liquidity conditions specified for assets under the liquidity provisions framework,,
EBA,EBA_LQC,LQC,Liquidity quality of collateral received,EBA_LQ,Liquidity conditions specified for collateral received under the liquidity provisions framework,,
EBA,EBA_LTG,LTG,Litigation status,EBA_IM,,,
EBA,EBA_MCA,MCA,Main category of hedging instrument,EBA_MC,Defines the main category of the instrument used for hedging.,,
EBA,EBA_MCB,MCB,Instrument,EBA_MC,Defines instrument or product type of the main category item,,
EBA,EBA_MCC,MCC,Main category of collateral or guarantee given,EBA_MC,Defines the main category of collateral or guarantees given,,
EBA,EBA_MCD,MCD,Main category of the Defined benefit plan assets,EBA_MC,"For defined benefit plan assets, defines their nature.",,
EBA,EBA_MCE,MCE,Main category that generates income or expenses,EBA_MC,Defines the main category that generates the related income or expense.,,
EBA,EBA_MCF,MCF,Hedged or hedging instrument,EBA_MC,Defines hedging or hedged instrument of the main category item,,
EBA,EBA_MCG,MCG,Main category of collateral or guarantee received,EBA_MC,Defines the main category of collateral or guarantees received,,
EBA,EBA_MCH,MCH,Main category of hedged item,EBA_MC,Defines the main category of the item that is hedged.,,
EBA,EBA_MCI,MCI,Main category provided of Investee,EBA_MC,"When information on an ""investee-by-investee"" basis is provided, specifies the main category of the information on the investee to be reported.",,
EBA,EBA_MCP,MCP,Main category that generates the provision,EBA_MC,Defines the main category that generates the related provisions.,,
EBA,EBA_MCS,MCS,Main category of the source of encumbrance,EBA_MC,"For encumbered assets, defines the main category of the transaction that entails encumbrance; for liabilities/contingent liabilities, identifies those who are a source of encumbrance",,
EBA,EBA_MCT,MCT,Main category of the transferred financial asset to which the liability is associated to,EBA_MC,"For liabilities associated to transferred financial assets, defines the type of instrument of the financial asset that has been transferred.",,
EBA,EBA_MCU,MCU,Main category of the underlying,EBA_MC,Defines the type of instrument underlying another balance or transaction (e.g. short position).,,
EBA,EBA_MCV,MCV,(Sub-)Type of expense,EBA_MC,,,
EBA,EBA_MCY,MCY,Main category,EBA_MC,"Specifies the nature of the item reported (i.e. answers the question: what is reported?). For financial instruments, defines the instrument (e.g. deposits, debt securities issued...) or range of instruments reported. It should be defined for each data point.",,
EBA,EBA_MD103,MD103,Current period (flow),EBA_Monetary,Current period (flow),,
EBA,EBA_MD675,MD675,Gross carrying amount (flow),EBA_Monetary,Gross carrying amount (flow),,
EBA,EBA_MD683,MD683,"Increase in impairment allowances, accumulated negative changes in fair value due to credit risk",EBA_Monetary,"Increase in impairment allowances, accumulated negative changes in fair value due to credit risk",,
EBA,EBA_MD684,MD684,"Increase in impairment allowances, accumulated negative changes in fair value due to credit risk.On interest accrued",EBA_Monetary,"Increase in impairment allowances, accumulated negative changes in fair value due to credit risk.On interest accrued",,
EBA,EBA_MD685,MD685,"Decrease in impairment allowances, accumulated negative changes in fair value due to credit risk",EBA_Monetary,"Decrease in impairment allowances, accumulated negative changes in fair value due to credit risk",,
EBA,EBA_MD686,MD686,"Decrease in impairment allowances, accumulated negative changes in fair value due to credit risk.Reversals",EBA_Monetary,"Decrease in impairment allowances, accumulated negative changes in fair value due to credit risk.Reversals",,
EBA,EBA_MD687,MD687,"Decrease in impairment allowances, accumulated negative changes in fair value due to credit risk.Unwinding effect (accounting)",EBA_Monetary,"Decrease in impairment allowances, accumulated negative changes in fair value due to credit risk.Unwinding effect (accounting)",,
EBA,EBA_MI129,MI129,Fair value,EBA_Monetary,Fair value,,
EBA,EBA_MI136,MI136,Gross carrying amount,EBA_Monetary,Gross carrying amount,,
EBA,EBA_MI191,MI191,Present value,EBA_Monetary,Present value,,
EBA,EBA_MI339,MI339,Maximum amount of the collateral that can be considered,EBA_Monetary,Maximum amount of the collateral that can be considered,,
EBA,EBA_MI340,MI340,Maximum amount of the guarantee that can be considered,EBA_Monetary,Maximum amount of the guarantee that can be considered,,
EBA,EBA_MI503,MI503,"Accumulated impairment, accumulated negative changes in fair value due to credit risk",EBA_Monetary,"Accumulated impairment, accumulated negative changes in fair value due to credit risk",,
EBA,EBA_MI507,MI507,Accumulated write-offs. Partial,EBA_Monetary,Accumulated write-offs. Partial,,
EBA,EBA_MI53,MI53,Carrying amount,EBA_Monetary,Carrying amount,,
EBA,EBA_MI66,MI66,Carrying amount of Collateral obtained,EBA_Monetary,Carrying amount of Collateral obtained,,
EBA,EBA_MI678,MI678,Accumulated negative changes for collateral obtained,EBA_Monetary,Accumulated negative changes for collateral obtained,,
EBA,EBA_MI679,MI679,Gross carrying amount of collateral obtained,EBA_Monetary,Gross carrying amount of collateral obtained,,
EBA,EBA_MI688,MI688,Write-offs during the period,EBA_Monetary,Write-offs during the period,,
EBA,EBA_MI689,MI689,Write-offs during the period.Debt forgiveness,EBA_Monetary,Write-offs during the period.Debt forgiveness,,
EBA,EBA_MI690,MI690,Gross carrying amount of exposures derecognised in exchange for collateral obtained by taking possession,EBA_Monetary,Gross carrying amount of exposures derecognised in exchange for collateral obtained by taking possession,,
EBA,EBA_MI691,MI691,"Accumulated impairment, accumulated negative changes in fair value due to credit risk for exposures derecognised in exchange for collateral obtained by taking possession",EBA_Monetary,"Accumulated impairment, accumulated negative changes in fair value due to credit risk for exposures derecognised in exchange for collateral obtained by taking possession",,
EBA,EBA_MI692,MI692,Cash collected net of costs in exchange of sold collateral,EBA_Monetary,Cash collected net of costs in exchange of sold collateral,,
EBA,EBA_MI693,MI693,Fair value of financial instruments replacing collateral sold,EBA_Monetary,Fair value of financial instruments replacing collateral sold,,
EBA,EBA_MI696,MI696,Net cumulated recoveries from litigation procedures concluded during the period,EBA_Monetary,Net cumulated recoveries from litigation procedures concluded during the period,,
EBA,EBA_MI697,MI697,Gross carrying amount of exposures derecognised due to litigation procedures concluded during the period,EBA_Monetary,Gross carrying amount of exposures derecognised due to litigation procedures concluded during the period,,
EBA,EBA_NAC,NAC,NACE code counterparty,EBA_NC,"Defines the NACE code of the counterparty, whenever it is applicable.",,
EBA,EBA_NPE,NPE,Details on NPE classification,EBA_IM,,,
EBA,EBA_OBSERVATION_VALUE,OBSERVATION_VALUE,Observation_Value,EBA_STRNG,Observation_Value,,
EBA,EBA_OFS,OFS,Own funds,EBA_OF,Specifies the eligibility for the various levels of own funds for the fully phased-in period (without transitional provisions).,,
EBA,EBA_Observation_Value,Observation_Value,Observation_Value,EBA_String,Observation_Value,,
EBA,EBA_PAF,PAF,Date / period of application of forbearance measure,EBA_RF,,,
EBA,EBA_PFS,PFS,Performing status,EBA_IM,"Identifies the performing status of financial assets and off-balance sheet items (performing, non-performing...)",,
EBA,EBA_PIR,PIR,Date / period of initial recognition,EBA_RF,,,
EBA,EBA_PLD,PLD,Designation (Fair value option),EBA_PL,Defines the reason for designating an instrument to the portfolio for financial instruments designated at fair value through profit or loss (use of fair value option).,,
EBA,EBA_PLT,PLT,Accounting portfolio of the transferred financial asset to which the liability is associated to,EBA_PL,"For liabilities associated to a transferred financial asset, it defines the accounting portfolio of the transferred financial asset.",,
EBA,EBA_POV,POV,Date / period of valuation,EBA_RF,,,
EBA,EBA_PRP,PRP,Prudential portfolio,EBA_PL,"Defines whether it is reported the trading book business, the ""banking"" book business, or both of them.",,
EBA,EBA_PUR,PUR,Purpose,EBA_PU,Defines the purpose of a balance or transaction.,,
EBA,EBA_RCP,RCP,Residence of counterparty,EBA_GA,Defines the geographical area where the counterparty of the contract or transaction resides.,,
EBA,EBA_REC,REC,To be reclassified to profit or loss,EBA_BT,"For the accumulated other comprehensive income items, it indicates whether they could be reclassified to profit and loss.",,
EBA,EBA_REF,REF,Reference date or period,EBA_RF,Specifies the date or the period to which the data is referred,,
EBA,EBA_REFERENCE_PERIOD,REFERENCE_PERIOD,Reference Period,EBA_DT,,,
EBA,EBA_RES,RES,Residual maturity,EBA_TI,Time remaining from the reporting date to the maturity date.,,
EBA,EBA_RI695,RI695,Weighted average of time past due,EBA_Decimal,Weighted average of time past due,,
EBA,EBA_RI769,RI769,Average duration of litigation procedures concluded during the period,EBA_Decimal,Average duration of litigation procedures concluded during the period,,
EBA,EBA_RPR,RPR,Related parties/Relationships,EBA_RP,"Defines the relationship between the reporting institution with an entity or a person; in particular, it specifies the type of related party.",,
EBA,EBA_RUA,RUA,Rigth-of-use assets,EBA_MC,,,
EBA,EBA_Reported_Period,Reported_Period,Reported Period,EBA_Date,Reported period,,
EBA,EBA_Riad_Code,Riad_Code,Riad Code,EBA_String,Riad Code,,
EBA,EBA_SCC,SCC,Specific contract clauses or netting agreements,EBA_MC,Defines specific contract clauses or netting agreements.,,
EBA,EBA_SCO,SCO,Scope of consolidation,EBA_SC,Specifies the scope of consolidation of reporting when different from CRR scope,,
EBA,EBA_SOL,SOL,Subject to operating lease (reporting entity lessor),EBA_BT,"For tangible and intangible assets, it indicates whether they are subject to operating leases in which the reporting institution is the lessor.",,
EBA,EBA_SST,SST,Securitisation structure,EBA_ST,Defines the tranche of the exposure in the securitisation structure.,,
EBA,EBA_STC,STC,Security,EBA_SY,"When information is provided on a security-by-security basis, defines the code of the security for which information is provided.",,
EBA,EBA_SUB,SUB,Subordinated,EBA_MC,Indicates that the financial instrument is a subordinated financial asset or liability.,,
EBA,EBA_TFM,TFM,Type of forbearance measure,EBA_IM,,,
EBA,EBA_TIE,TIE,Time elapsed since initial recognition,EBA_TI,,,
EBA,EBA_TIS,TIS,Transfer between impairment stages,EBA_IM,Defines transfers of debt instruments subject to impairment between the impairment stages.,,
EBA,EBA_TMA,TMA,Type of market,EBA_MA,,,
EBA,EBA_TPD,TPD,Time past due,EBA_TI,"For debt instruments that are past due, time passed between the date on which the payment was due and the reference date.",,
EBA,EBA_TRE,TRE,Type of remuneration,EBA_MC,,,
EBA,EBA_TRI,TRI,Type of risk,EBA_TR,Indicates the type of risk arising from exposures or transactions (e.g. credit risk or market risk).,,
EBA,EBA_TRT,TRT,Type of risk transfer,EBA_RT,Defines the way in which a risk has been transferred in a securitisation (traditional or synthetic securitisations).,,
EBA,EBA_TSA,TSA,Type of staff (RF),EBA_RF,,,
EBA,EBA_TYA,TYA,Type of activity,EBA_TA,Defines the type of activity (e.g. asset management or custody).,,
EBA,EBA_TYC,TYC,Is LEI Code/National Code of Investee,EBA_BT,,,
EBA,EBA_TYH,TYH,Type of hedge,EBA_MC,Defines the type of hedging,,
EBA,EBA_TYR,TYR,Type of activity of Related parties/Relationships,EBA_TA,Defines the nature of the activities of related parties.,,
EBA,EBA_Unit,Unit,Unit,EBA_String,Unit,,
EBA,EBA_VALUE_DECIMAL,VALUE_DECIMAL,EBA_VALUE_DECIMAL,EBA_Decimal,EBA_VALUE_DECIMAL,,
EBA,EBA_Value_Decimal,Value_Decimal,Value decimal,EBA_String,Value decimal,,
EBA,EBA_Value_String,Value_String,Value string,EBA_String,Value string,,
EBA,EBA_bi327,bi327,Compliance with Art. 129 CRR,EBA_Boolean,,,
EBA,EBA_di113,di113,Entry date,EBA_Date,,,
EBA,EBA_ei138,ei138,Group structure,EBA_RP,,,
EBA,EBA_ei152,ei152,Jurisdiction of incorporation,EBA_GA,,,
EBA,EBA_ei207,ei207,Reporting level,EBA_SC,,,
EBA,EBA_ei218,ei218,Sector,EBA_NC,,,
EBA,EBA_ei219,ei219,Sector of the counterparty,EBA_CT,,,
EBA,EBA_ei328,ei328,Primary asset class of cover pool,EBA_MC,,,
EBA,EBA_ei364,ei364,Accounting consolidation code (IFRS Group),EBA_ZZ,,,
EBA,EBA_ei365,ei365,Accounting consolidation code (CRR Group),EBA_ZZ,,,
EBA,EBA_ei4,ei4,Accounting standard,EBA_AS,,,
EBA,EBA_ii676,ii676,Number of instruments,EBA_Integer,,,
EBA,EBA_ii694,ii694,Number of collaterals obtained by taking possession,EBA_Integer,,,
EBA,EBA_ii699,ii699,Number of staff,EBA_Integer,,,
EBA,EBA_md103,md103,Current period (flow),EBA_Monetary,,,
EBA,EBA_md104,md104,Current service cost (flow),EBA_Monetary,,,
EBA,EBA_md105,md105,Decreases in allowances due to amounts reversed for estimated loan losses during the period (flow),EBA_Monetary,,,
EBA,EBA_md106,md106,Decreases due to amounts taken against allowances (flow),EBA_Monetary,,,
EBA,EBA_md108,md108,Dividends (flow),EBA_Monetary,,,
EBA,EBA_md11,md11,Actuarial gains or losses from changes in demographic assumptions (flow),EBA_Monetary,,,
EBA,EBA_md114,md114,Exercise/Expiration of equity Instruments other than capital Instruments (flow),EBA_Monetary,,,
EBA,EBA_md12,md12,Actuarial gains or losses from changes in financial assumptions (flow),EBA_Monetary,,,
EBA,EBA_md13,md13,Additions (flow),EBA_Monetary,,,
EBA,EBA_md131,md131,Foreign currency translation (flow),EBA_Monetary,,,
EBA,EBA_md139,md139,Increase in the discounted amount and effect of any change in the discount rate (flow),EBA_Monetary,,,
EBA,EBA_md14,md14,"Additions, including increases in existing provisions (flow)",EBA_Monetary,,,
EBA,EBA_md140,md140,Increases in allowances due to amounts set aside for estimated loan losses during the period (flow),EBA_Monetary,,,
EBA,EBA_md147,md147,Interest cost (flow),EBA_Monetary,,,
EBA,EBA_md149,md149,Issuance of equity Instruments other than capital instruments (flow),EBA_Monetary,,,
EBA,EBA_md150,md150,Issuance of ordinary shares (flow),EBA_Monetary,,,
EBA,EBA_md151,md151,Issuance of preference shares (flow),EBA_Monetary,,,
EBA,EBA_md186,md186,Past service cost (flow),EBA_Monetary,,,
EBA,EBA_md197,md197,Purchase of Treasury Shares (flow),EBA_Monetary,,,
EBA,EBA_md199,md199,Reclassification of financial instruments from equity to liability (flow),EBA_Monetary,,,
EBA,EBA_md200,md200,Reclassification of financial instruments from liability to equity (flow),EBA_Monetary,,,
EBA,EBA_md201,md201,"Reclassifications other than valuation gains and losses taken to equity, Transferred to profit or loss (flow)",EBA_Monetary,,,
EBA,EBA_md202,md202,"Reclassifications other than valuation gains and losses taken to equity, Transferred to profit or loss, Transferred to initial carrying amount of hedged items (flow)",EBA_Monetary,,,
EBA,EBA_md203,md203,Recoveries recorded directly to the statement of profit or loss(flow),EBA_Monetary,,,
EBA,EBA_md210,md210,Reversals (flow),EBA_Monetary,,,
EBA,EBA_md216,md216,Sale/Cancellation of Treasury Shares (flow),EBA_Monetary,,,
EBA,EBA_md233,md233,Total comprehensive income for the year (flow),EBA_Monetary,,,
EBA,EBA_md239,md239,Transferred to initial carrying amount of hedged items (flow),EBA_Monetary,,,
EBA,EBA_md240,md240,Transferred to profit or loss (flow),EBA_Monetary,,,
EBA,EBA_md241,md241,Transfers among components of Equity (flow),EBA_Monetary,,,
EBA,EBA_md242,md242,Transfers between allowances (flow),EBA_Monetary,,,
EBA,EBA_md249,md249,Change in fair value for the period (flow),EBA_Monetary,,,
EBA,EBA_md251,md251,Unused amounts reversed during the period (flow),EBA_Monetary,,,
EBA,EBA_md252,md252,Valuation gains and losses taken to equity (flow),EBA_Monetary,,,
EBA,EBA_md254,md254,Value adjustments recorded directly to the income statement (flow),EBA_Monetary,,,
EBA,EBA_md301,md301,Credit risk adjustments (flow),EBA_Monetary,,,
EBA,EBA_md46,md46,Amounts used (flow),EBA_Monetary,,,
EBA,EBA_md509,md509,Increases in allowances due to origination and acquisition,EBA_Monetary,,,
EBA,EBA_md510,md510,Decreases in allowances due to derecognition,EBA_Monetary,,,
EBA,EBA_md511,md511,Changes in allowances due to change in credit risk (net),EBA_Monetary,,,
EBA,EBA_md512,md512,Changes in allowances due to modifications without derecognition,EBA_Monetary,,,
EBA,EBA_md513,md513,Changes in allowances due to update in methodology for estimation (net),EBA_Monetary,,,
EBA,EBA_md514,md514,Decrease in allowances due to write-offs,EBA_Monetary,,,
EBA,EBA_md515,md515,Other adjustments in allowances,EBA_Monetary,,,
EBA,EBA_md516,md516,Amounts written-off directly to the statement of profit or loss,EBA_Monetary,,,
EBA,EBA_md59,md59,Benefits paid (flow),EBA_Monetary,,,
EBA,EBA_md60,md60,Business combinations or divestitures (flow),EBA_Monetary,,,
EBA,EBA_md62,md62,Capital Reduction (flow),EBA_Monetary,,,
EBA,EBA_md67,md67,Carrying amount of Collateral obtained during the period (flow),EBA_Monetary,,,
EBA,EBA_md675,md675,Gross carrying amount (flow),EBA_Monetary,,,
EBA,EBA_md677,md677,Gross carrying amount of collateral obtained during the period (flow),EBA_Monetary,,,
EBA,EBA_md683,md683,"Increase in impairment allowances, accumulated negative changes in fair value due to credit risk",EBA_Monetary,,,
EBA,EBA_md684,md684,"Increase in impairment allowances, accumulated negative changes in fair value due to credit risk.On interest accrued",EBA_Monetary,,,
EBA,EBA_md685,md685,"Decrease in impairment allowances, accumulated negative changes in fair value due to credit risk",EBA_Monetary,,,
EBA,EBA_md686,md686,"Decrease in impairment allowances, accumulated negative changes in fair value due to credit risk.Reversals",EBA_Monetary,,,
EBA,EBA_md687,md687,"Decrease in impairment allowances, accumulated negative changes in fair value due to credit risk.Unwinding effect (accounting)",EBA_Monetary,,,
EBA,EBA_md69,md69,"Changes in Defined benefit obligations other than Current and past service cost, Interest cost, Contributions paid by plan participants, Actuarial gains and losses, Foreign currency translation, Benefits paid, Business combinations or divestiture (flow)",EBA_Monetary,,,
EBA,EBA_md70,md70,Changes in Equity from business combinations (flow),EBA_Monetary,,,
EBA,EBA_md71,md71,Changes in Equity from share based payments (flow),EBA_Monetary,,,
EBA,EBA_md72,md72,Changes in equity other than those explicitly reported (flow),EBA_Monetary,,,
EBA,EBA_md73,md73,"Changes in Provisions other than Additions, including increases in existing provisions, Amounts used, Unused amounts reversed during the period, Increase in the discounted amount and effect of any change in the discount rate (flow)",EBA_Monetary,,,
EBA,EBA_md771,md771,Accumulated negative changes for collateral obtained during the period (flow),EBA_Monetary,,,
EBA,EBA_md83,md83,Contributions paid by plan participants (flow),EBA_Monetary,,,
EBA,EBA_md85,md85,Conversion of debt to equity (flow),EBA_Monetary,,,
EBA,EBA_mi109,mi109,Effects of changes in accounting policies,EBA_Monetary,,,
EBA,EBA_mi110,mi110,Effects of corrections of errors,EBA_Monetary,,,
EBA,EBA_mi129,mi129,Fair value,EBA_Monetary,,,
EBA,EBA_mi134,mi134,Goodwill included in carrying amount,EBA_Monetary,,,
EBA,EBA_mi135,mi135,Accumulated change in fair value before taxes,EBA_Monetary,,,
EBA,EBA_mi136,mi136,Gross carrying amount,EBA_Monetary,"Gross carrying amount of debt instuments as in Annex V, part 1 (different for different portfolios). In general carrying amount before adjusting for credit risk (allowances or negative fair value changes due to credit risk).",,
EBA,EBA_mi159,mi159,Amount of accumulated impairment,EBA_Monetary,,,
EBA,EBA_mi164,mi164,Maximum amount of the collateral/guarantee that can be considered,EBA_Monetary,,,
EBA,EBA_mi170,mi170,Notional amount,EBA_Monetary,"The ‘Notional amount’ shall be the gross nominal of all deals concluded and not yet settled at the reference date, regardless of whether these deals lead to derivative exposures being booked on-balance sheet. (Annex V, Part 2, include further details)",,
EBA,EBA_mi172,mi172,"Nominal amount, Maximum collateral/guarantee that can be considered",EBA_Monetary,,,
EBA,EBA_mi191,mi191,Present value,EBA_Monetary,,,
EBA,EBA_mi195,mi195,Principal amount outstanding,EBA_Monetary,,,
EBA,EBA_mi279,mi279,Amount of additional collateral,EBA_Monetary,,,
EBA,EBA_mi287,mi287,Nominal amount,EBA_Monetary,,,
EBA,EBA_mi290,mi290,Amount specified for AE purposes,EBA_Monetary,,,
EBA,EBA_mi291,mi291,Asset-specific value,EBA_Monetary,,,
EBA,EBA_mi292,mi292,Asset-specific value. Excess of min coverage required,EBA_Monetary,,,
EBA,EBA_mi295,mi295,Nominal amount. Excess of min coverage required,EBA_Monetary,,,
EBA,EBA_mi296,mi296,Present value (swap),EBA_Monetary,,,
EBA,EBA_mi297,mi297,Present value (swap). Excess of min coverage required,EBA_Monetary,,,
EBA,EBA_mi298,mi298,"Accumulated impairment, accumulated changes in fair value due to credit risk",EBA_Monetary,,,
EBA,EBA_mi339,mi339,Maximum amount of the collateral that can be considered,EBA_Monetary,,,
EBA,EBA_mi34,mi34,Amount contractually required to pay at maturity,EBA_Monetary,,,
EBA,EBA_mi340,mi340,Maximum amount of the guarantee that can be considered,EBA_Monetary,,,
EBA,EBA_mi35,mi35,Amount of Assets involved in the services provided by the institution,EBA_Monetary,,,
EBA,EBA_mi37,mi37,Amount of cumulative change in fair values attributable to changes in credit risk,EBA_Monetary,,,
EBA,EBA_mi420,mi420,Market value,EBA_Monetary,,,
EBA,EBA_mi43,mi43,Amounts derecognised for capital purposes,EBA_Monetary,,,
EBA,EBA_mi45,mi45,"Amounts not recognised as an asset, due to limits of paragraph 58 (b)",EBA_Monetary,,,
EBA,EBA_mi457,mi457,"Accumulated impairment, accumulated changes in fair value due to credit risk, provisions",EBA_Monetary,,,
EBA,EBA_mi500,mi500,Positive fair value,EBA_Monetary,,,
EBA,EBA_mi501,mi501,Negative fair value,EBA_Monetary,,,
EBA,EBA_mi502,mi502,Adjustments to carrying amount,EBA_Monetary,,,
EBA,EBA_mi503,mi503,"Accumulated impairment, accumulated negative changes in fair value due to credit risk",EBA_Monetary,,,
EBA,EBA_mi504,mi504,Accumulated negative changes in fair value due to credit risk,EBA_Monetary,"For non-performing exposures, accumulated changes in fair value due to credit risk where the accumulated net change is negative. (Annex V, Part 2, include further details)",,
EBA,EBA_mi505,mi505,Accumulated negative value adjustments. Market risk induced,EBA_Monetary,,,
EBA,EBA_mi506,mi506,Accumulated negative value adjustments. Credit risk induced,EBA_Monetary,,,
EBA,EBA_mi507,mi507,Accumulated write-offs. Partial,EBA_Monetary,,,
EBA,EBA_mi508,mi508,Accumulated write-offs. Total,EBA_Monetary,,,
EBA,EBA_mi53,mi53,Carrying amount,EBA_Monetary,"The amount to be reported in the balance sheet. The carrying amount of financial instruments shall include accrued interest. (Annex V, part 1)",,
EBA,EBA_mi65,mi65,Carrying amount [before restatement],EBA_Monetary,,,
EBA,EBA_mi66,mi66,Carrying amount of Collateral obtained,EBA_Monetary,,,
EBA,EBA_mi678,mi678,Accumulated negative changes for collateral obtained,EBA_Monetary,,,
EBA,EBA_mi679,mi679,Gross carrying amount of collateral obtained,EBA_Monetary,,,
EBA,EBA_mi682,mi682,Amount of cash or cash equivalents collected net of costs,EBA_Monetary,,,
EBA,EBA_mi688,mi688,Write-offs during the period,EBA_Monetary,,,
EBA,EBA_mi689,mi689,Write-offs during the period.Debt forgiveness,EBA_Monetary,,,
EBA,EBA_mi690,mi690,Gross carrying amount of exposures derecognised in exchange for collateral obtained by taking possession,EBA_Monetary,,,
EBA,EBA_mi691,mi691,"Accumulated impairment, accumulated negative changes in fair value due to credit risk for exposures derecognised in exchange for collateral obtained by taking possession",EBA_Monetary,,,
EBA,EBA_mi692,mi692,Cash collected net of costs in exchange of sold collateral,EBA_Monetary,,,
EBA,EBA_mi693,mi693,Fair value of financial instruments replacing collateral sold,EBA_Monetary,,,
EBA,EBA_mi696,mi696,Net cumulated recoveries from litigation procedures concluded during the period,EBA_Monetary,,,
EBA,EBA_mi697,mi697,Gross carrying amount of exposures derecognised due to litigation procedures concluded during the period,EBA_Monetary,,,
EBA,EBA_mi7,mi7,Accumulated impairment,EBA_Monetary,"Cumulative amount of impairment related to financial assets. Details for each portfolio in Annex V, Part 2.",,
EBA,EBA_mi770,mi770,"Value of the collateral (pre haircuts, uncapped)",EBA_Monetary,,,
EBA,EBA_mi772,mi772,Gains and losses on derecognition,EBA_Monetary,,,
EBA,EBA_mi8,mi8,Accumulated write-offs,EBA_Monetary,,,
EBA,EBA_mi9,mi9,Acquisition cost,EBA_Monetary,,,
EBA,EBA_pi221,pi221,Share of equity interest,EBA_Percent,,,
EBA,EBA_pi223,pi223,Share of voting rights,EBA_Percent,,,
EBA,EBA_ri695,ri695,Weighted average of time past due,EBA_Decimal,,,
EBA,EBA_ri769,ri769,Average duration of litigation procedures concluded during the period,EBA_Decimal,,,
EBA,EBA_si168,si168,Name of entity,EBA_String,,,
EBA,EBA_si169,si169,Name of Holding entity,EBA_String,,,
EBA,EBA_si288,si288,LEI code,EBA_String,,,
EBA,EBA_si289,si289,Entity code,EBA_String,,,
EBA,EBA_si293,si293,Credit rating,EBA_String,,,
EBA,EBA_si294,si294,Name of credit rating agency,EBA_String,,,
EBA,EBA_si299,si299,Holding company LEI code,EBA_String,,,
EBA,EBA_si475,si475,Name of Investee,EBA_String,,,
EBA,EBA_si476,si476,National code of the Investee,EBA_String,,,
EBA,EBA_si477,si477,National code of the Holding company,EBA_String,,,
ECB2,ECB2_ACCMLTD_CHNGS_FV_CR,ACCMLTD_CHNGS_FV_CR,Accumulated changes in fair value due to credit risk,ECB2_MNTRY,Accumulated changes in fair value due to credit risk in accordance with Part 2.46 of Annex V to Implementing Regulation (EU) No 680/2014.,,
ECB2,ECB2_ACCMLTD_IMPRMNT,ACCMLTD_IMPRMNT,Accumulated impairment,ECB2_MNTRY,"The amount of loss allowances that are held against or are allocated to the instrument on the reporting reference date. This data attribute applies to instruments subject to impairment under the applied accounting standard. Under IFRS, the accumulated imp",,
ECB2,ECB2_ACCNTNG_CLSSFCTN,ACCNTNG_CLSSFCTN,Accounting classification of instruments,ECB2_CL_SHS_ACCNTNG_CLSSFCTN,Accounting portfolio where the instrument is recorded in accordance with the accounting standard applied by the reporting agent,,
ECB2,ECB2_ACCR_INTR_MV,ACCR_INTR_MV,Accrued interests for market values,ECB2_CL_YES_NO,Accrued interests for market values,,
ECB2,ECB2_APPRCH_PRDNTL_PRPSS,APPRCH_PRDNTL_PRPSS,Approach for prudential purposes,ECB2_CL_SHS_APPRCH_PRDNTL_PRPSS,Identification of the approach used to calculate the risk-weighted exposure amounts for the purposes of points (a) and (f) of Article 92(3) of Regulation (EU) No 575/2013,,
ECB2,ECB2_ARREARS,ARREARS,Arrears for the instrument,ECB2_MNTRY,Arrears for the instrument,,
ECB2,ECB2_ARREARS_DATE,ARREARS_DATE,Date of arrears for the instrument,ECB2_DT,Date of arrears for the instrument,,
ECB2,ECB2_ASSET_SECURITISATION_TYPE,ASSET_SECURITISATION_TYPE,Asset securitisation type,ECB2_AsSeTy,Type of securing asset (source: CSDB),,
ECB2,ECB2_CMLTV_RCVRS_SNC_DFLT,CMLTV_RCVRS_SNC_DFLT,Cumulative recoveries since default,ECB2_MNTRY,The total amount recovered since the date of default.,,
ECB2,ECB2_COLLATERAL_AREA,COLLATERAL_AREA,Collateral geographical location,ECB2_CL_SHS_COLLATERAL_AREA,Collateral geographical location,,
ECB2,ECB2_COMPILING_ORG,COMPILING_ORG,Reporting institution code,ECB2_CL_SHS_ORGANISATION,Reporting institution code,,
ECB2,ECB2_CRRYNG_AMNT,CRRYNG_AMNT,Carrying amount,ECB2_MNTRY,The carrying amount in accordance with Annex V to Implementing Regulation (EU) No 680/2014.,,
ECB2,ECB2_DFLT_STTS_INSTRMNT,DFLT_STTS_INSTRMNT,Default status of the instrument,ECB2_CL_SHS_DFLT_STTS,Identification of the default status of the instrument in accordance with Article 178 of Regulation (EU) No 575/2013,,
ECB2,ECB2_DFLT_STTS_ISSR,DFLT_STTS_ISSR,Default status of the issuer,ECB2_CL_SHS_DFLT_STTS,Identification of the default status of the issuer in accordance with Article 178 of Regulation (EU) No 575/2013,,
ECB2,ECB2_DT_DFLT_STTS_INSTRMNT,DT_DFLT_STTS_INSTRMNT,Date of the default status of the instrument,ECB2_DT,Date of the default status of the instrument,,
ECB2,ECB2_DT_DFLT_STTS_ISSR,DT_DFLT_STTS_ISSR,Date of the default status of the issuer,ECB2_DT,Date of the default status of the issuer,,
ECB2,ECB2_DT_FRBRNC_STTS,DT_FRBRNC_STTS,Date of forbearance and renegotiation status,ECB2_DT,The date on which a forbearance or renegotiation status as reported under 'status of forbearance and renegotiation' is considered to have occurred.,,
ECB2,ECB2_DT_PRFRMNG_STTS,DT_PRFRMNG_STTS,Date of the performing status of the instrument,ECB2_DT,The date on which the performing status as reported in 'performing status of the instrument' is considered to have been established or changed.,,
ECB2,ECB2_EARLY_RED,EARLY_RED,Early redemptions included,ECB2_CL_YES_NO,Early redemptions included,,
ECB2,ECB2_ENTITY_ACC_STANDARD,ENTITY_ACC_STANDARD,Accounting Standard of the entity,ECB2_CL_SHS_ACC_STANDARD,Accounting Standard of the entity,,
ECB2,ECB2_ENTITY_AREA,ENTITY_AREA,Country of residency of the entity,ECB2_CL_SHS_AREA,Country of legal incorporation or domicile of the entity (ISO 3166),,
ECB2,ECB2_ENTITY_ID,ENTITY_ID,Entity,ECB2_STRNG,Entity ID (holder),,
ECB2,ECB2_ENTITY_ID_TYPE,ENTITY_ID_TYPE,Entity ID type,ECB2_CL_SHS_ID_TYPE,Entity ID type,,
ECB2,ECB2_ENTITY_LEI,ENTITY_LEI,Entity LEI,ECB2_STRNG,Entity LEI,,
ECB2,ECB2_ENTITY_NAME,ENTITY_NAME,Name of the entity,ECB2_STRNG,Name of the entity (source: RIAD or SHS Group Hierarchy),,
ECB2,ECB2_ENTITY_SECTOR,ENTITY_SECTOR,ESA 2010 sector of the entity,ECB2_CL_SHS_SECTOR,ESA 2010 sector of the entity (source: RIAD or SHS Group Hierarchy),,
ECB2,ECB2_ENTITY_STATUS,ENTITY_STATUS,Entity status,ECB2_CL_SHS_ENTITY_STATUS,"Supplementary attribute covering the information on the status of the issuers including the default status (as well as the categories describing the circumstances in which the entity can be in default in accordance with Article 178 of Regulation (EU) No 575/2013) and other status types of the party, e.g. merged, acquired etc.",,
ECB2,ECB2_ENTITY_STATUS_DATE,ENTITY_STATUS_DATE,Entity status date,ECB2_DT,Entity status date,,
ECB2,ECB2_EXPSR_CLSS,EXPSR_CLSS,Exposure class as defined in accordance with Regulation (EU) No 575/2013,ECB2_CL_SHS_EXPSR_CLSS,Exposure class as defined in accordance with Regulation (EU) No 575/2013,,
ECB2,ECB2_EXPSR_VL,EXPSR_VL,Exposure Value,ECB2_MNTRY,Exposure Value,,
ECB2,ECB2_FRBRNC_STTS,FRBRNC_STTS,Status of forbearance and renegotiation,ECB2_CL_SHS_FRBRNC_STTS,Identification of forborne and renegotiated instruments,,
ECB2,ECB2_FREQ,FREQ,Frequency,ECB2_CL_FREQ,Reporting frequency,,
ECB2,ECB2_GROUP_ACC_STANDARD,GROUP_ACC_STANDARD,Accounting Standard of the Group,ECB2_CL_SHS_ACC_STANDARD,Accounting Standard of the Group,,
ECB2,ECB2_GROUP_ID,GROUP_ID,Group ID,ECB2_STRNG,Group ID,,
ECB2,ECB2_GROUP_ID_TYPE,GROUP_ID_TYPE,Group ID type,ECB2_CL_SHS_ID_TYPE,Group ID type,,
ECB2,ECB2_GROUP_LEI,GROUP_LEI,Group LEI,ECB2_STRNG,Group LEI,,
ECB2,ECB2_GROUP_NAME,GROUP_NAME,Name of the Group,ECB2_STRNG,Name of the Group,,
ECB2,ECB2_GROUP_SECTOR,GROUP_SECTOR,ESA 2010 Sector of the head of Group,ECB2_CL_SHS_SECTOR,ESA 2010 Sector of the head of Group,,
ECB2,ECB2_GROUP_TYPE,GROUP_TYPE,Group type,ECB2_CL_SHS_GROUP_TYPE,Indicates the grouping status of an issuer,,
ECB2,ECB2_GUARANTOR_ID,GUARANTOR_ID,Guarantor ID,ECB2_STRNG,Guarantor ID,,
ECB2,ECB2_GUARANTOR_ID_TYPE,GUARANTOR_ID_TYPE,Guarantor ID type,ECB2_CL_SHS_ID_TYPE,Guarantor ID type,,
ECB2,ECB2_IDENTIFIER,IDENTIFIER,Identifier value,ECB2_STRNG,Code of the security,,
ECB2,ECB2_IDENTIFIER_TYPE,IDENTIFIER_TYPE,Identifier type,ECB2_CL_SHS_IDENTIFIER_TYPE,Codification type for the security,,
ECB2,ECB2_IMMEDIATE_PARENT_ID,IMMEDIATE_PARENT_ID,Immediate parent ID,ECB2_STRNG,Immediate parent ID,,
ECB2,ECB2_IMMEDIATE_PARENT_ID_TYPE,IMMEDIATE_PARENT_ID_TYPE,Immediate parent ID type,ECB2_CL_SHS_ID_TYPE,Immediate parent ID type,,
ECB2,ECB2_IMPRMNT_ASSSSMNT_MTHD,IMPRMNT_ASSSSMNT_MTHD,Impairment assessment method,ECB2_CL_SHS_IMPRMNT_ASSSSMNT_MTHD,"The method by which it is assessed if the instrument is subject to impairment in accord-ance with applied accounting standards. Collective and individual methods are distin-guished. The attribute may not be available for the reporting of intra-group holdings (prudential scope) and “pure” short positions (i.e. those where no positive amount is held and recorded on the asset side) as well as equity. In this case, a dedicated code ""0"" (for ""not applicable"") has to be provided. Please refer to the description of the attribute in the SHSG Guidance notes on the SHS Regulation for more detailed background information.",,
ECB2,ECB2_IMPRMNT_STTS,IMPRMNT_STTS,Imparement status,ECB2_CL_SHS_IMPRMNT_STTS,Imparement status,,
ECB2,ECB2_INPUT_TYPE_ENTITY,INPUT_TYPE_ENTITY,Type of Input for entity,ECB2_CL_SHS_INPUT_TYPE,Type of Input for entity,,
ECB2,ECB2_INPUT_TYPE_GROUP,INPUT_TYPE_GROUP,Type of Input for group,ECB2_CL_SHS_INPUT_TYPE,Type of Input for group,,
ECB2,ECB2_INSTR_CLASS,INSTR_CLASS,Instrument ESA 2010 class,ECB2_CL_SHS_INSTR_ESA2010,Classification of the security according to ESA 2010 (source: CSDB),,
ECB2,ECB2_INTRA_GROUP_ACC_SCOPE,INTRA_GROUP_ACC_SCOPE,Issuer is part of the Group (accounting scope),ECB2_CL_SHS_ISSUER_RBG,Issuer is part of the Group (accounting scope),,
ECB2,ECB2_INTRA_GROUP_PRUD_SCOPE,INTRA_GROUP_PRUD_SCOPE,Issuer is part of the Group (prudential scope),ECB2_CL_SHS_ISSUER_RBG,Issuer is part of the Group (prudential scope),,
ECB2,ECB2_ISIN,Isin,International Securities Identifying Number,ECB2_STRNG,International Securities Identifying Number,,
ECB2,ECB2_ISSUER_COUNTRY,ISSUER_COUNTRY,Issuer country,ECB2_CL_SHS_ISSUER_AREA,Country of legal incorporation (domiciliation) of the issuer of the security (ISO 3166) (source: CSDB),,
ECB2,ECB2_ISSUER_ID,ISSUER_ID,Issuer ID,ECB2_STRNG,Issuer ID,,
ECB2,ECB2_ISSUER_ID_TYPE,ISSUER_ID_TYPE,Issuer ID type,ECB2_CL_SHS_ID_TYPE,Issuer ID type,,
ECB2,ECB2_ISSUER_LEI,ISSUER_LEI,Issuer LEI,ECB2_STRNG,Issuer LEI,,
ECB2,ECB2_ISSUER_NACE_SECTOR,ISSUER_NACE_SECTOR,Issuer NACE sector,ECB2_CL_SHS_NACE,Main economic activity of the issuer according to NACE (source: CSDB),,
ECB2,ECB2_ISSUER_NAME,ISSUER_NAME,Issuer name,ECB2_STRNG,Name of the issuer (source: CSDB),,
ECB2,ECB2_ISSUER_SECTOR,ISSUER_SECTOR,Issuer ESA 2010 sector,ECB2_CL_SHS_ISSUER_ESA2010,Institutional sector of the issuer according to ESA 2010 (source: CSDB),,
ECB2,ECB2_ISSUE_DATE,ISSUE_DATE,Issue date,ECB2_DT,The date on which the securities are delivered to the underwriter by the issuer against payment (source: CSDB),,
ECB2,ECB2_LGD_DWNTRNS,LGD_DWNTRNS,Loss given default (LGD) in downturns,ECB2_RL,Loss given default (LGD) in downturns,,
ECB2,ECB2_LGD_NRML,LGD_NRML,Loss given default (LGD) in normal economic times,ECB2_RL,Loss given default (LGD) in normal economic times,,
ECB2,ECB2_MAT_DATE,MAT_DATE,Maturity date,ECB2_DT,Date on which the debt security is actually redeemed (source: CSDB),,
ECB2,ECB2_MRKT_VL,MRKT_VL,Market Value,ECB2_MNTRY,Market Value,,
ECB2,ECB2_NMNL_VL,NMNL_VL,Nominal Value,ECB2_MNTRY,Nominal Value,,
ECB2,ECB2_NOM_CURR,NOM_CURR,Nominal currency,ECB2_CL_SHS_CURRENCY,Nominal currency of the security (ISO 4217) (source: CSDB),,
ECB2,ECB2_PD,PD,Probability of default,ECB2_RL,"The counterparty’s probability of default over one year determined in accordance with Articles 160, 163, 179 and 180 of Regulation (EU) No 575/2013.",,
ECB2,ECB2_PRDNTL_PRTFL,PRDNTL_PRTFL,Prudential portfolio,ECB2_CL_SHS_PRDNTL_PRTFL,Prudential portfolio,,
ECB2,ECB2_PRFRMNG_STTS,PRFRMNG_STTS,Performing status,ECB2_CL_SHS_PRFRMNG_STTS,Identification of non-performing instruments in accordance with Commission Implementing Regulation (EU) No 680/2014,,
ECB2,ECB2_PRIMARY_ASSET_CLASS,PRIMARY_ASSET_CLASS,Primary asset classification,ECB2_PrAsCl,Primary asset classification,,
ECB2,ECB2_REPORTING_BASIS,REPORTING_BASIS,Reporting basis,ECB2_CL_SHS_REP_BASIS,Reporting basis (source: NCBs),,
ECB2,ECB2_REP_NOM_CURR,REP_NOM_CURR,Reported Nominal currency,ECB2_CL_SHS_CURRENCY,Reported Nominal currency,,
ECB2,ECB2_RSK_WGHT,RSK_WGHT,Risk-weight,ECB2_RL,Risk-weight,,
ECB2,ECB2_SECURITY_STATUS,SECURITY_STATUS,Security status,ECB2_SecSta,Supplementary attribute allowing to identify whether an security should be included in securities issued statistics (SEC) or not (it can indicate whether the security is alive or not) (source: CSDB),,
ECB2,ECB2_SECURITY_STATUS_DATE,SECURITY_STATUS_DATE,Security status date,ECB2_DT,Security status date,,
ECB2,ECB2_SENIORITY_TYPE,SENIORITY_TYPE,Instrument seniority type,ECB2_InSeTy,Instrument seniority type,,
ECB2,ECB2_SRC_ENCMBRNC,SRC_ENCMBRNC,Source of encumbrance,ECB2_CL_SHS_SRC_ENCMBRNC,"Type of transaction in which the exposure is encumbered in accordance with Implementing Regulation (EU) No 680/2014. An asset will be treated as encumbered if it has been pledged or if it is subject to any form of arrangement to secure, collateralise or credit enhance any instrument from which it cannot be freely withdrawn.",,
ECB2,ECB2_TIME_PERIOD,TIME_PERIOD,Reference period,ECB2_STRNG,Reference period,,
ECB2,ECB2_UNIT_MEASURE,UNIT_MEASURE,Unit,ECB2_CL_SHS_UNIT,Unit,,
ECB2,ECB2_UNIT_MEASURE_NV,UNIT_MEASURE_NV,Unit for Nominal Value,ECB2_CL_SHS_UNIT,Unit for Nominal Value,,
,ECB5_RL_ESTT_CLLTRL_LCTN,RL_ESTT_CLLTRL_LCTN,Real estate collateral location,,Region or country where the collateral is located.,,
ECB6,ECB6_CBR,CBR,Rating grade,EBA_ER,,,
ECB6,ECB6_PSC,PSC,Pension scheme Surplus/Deficit,EBA_MC,,,
ECB6,ECB6_PSG,PSG,Status of non-performing forborne loans and advances that failed to meet the non-performing exit criteria,EBA_IM,,,
ECB6,ECB6_RPE,RPE,Reference date or period estimation,EBA_RF,,,
ECB6,ECB6_SPS,SPS,Size of pension scheme,EBA_MC,,,
ECB6,ECB6_TLP,TLP,Type of net liquidity position,EBA_MC,,,
ECB6,ECB6_TOP,TOP,Type of portfolio,EBA_PL,,,
ECB,ECNMC_ACTVTY_V2,ECNMC_ACTVTY_V2,Economic Activity (NACE revision 2.1),ECNMC_ACTVTY_V2,"Classification of counterparties according to their economic activities, in accordance with the NACE revision 2.1 statistical classification as laid down in Commission Delegated Regulation (EU) 2023/137, amending Regulation (EC) No 1893/2006 of the European Parliament and of the Council.",,
ECB,ENTRPRS_SZ,ENTRPRS_SZ,Enterprise size,SZ,"Classification of enterprises by size, in accordance with the Annex to Commission Recommendation 2003/361/EC.",,
ECB,ENTTY_CD,ENTTY_CD,Entity code,STRNG,Identifier code of an entity,,
ECB,ENTTY_RIAD_CD,ENTTY_RIAD_CD,Entity RIAD code,STRNG,"The RIAD code is an alphanumeric code assigned to each entity recorded in RIAD. The RIAD code is exclusive, meaning that the same RIAD code cannot be allocated to more than one entity (even at different points in time), and is unique, meaning that a given entity has only one RIAD code. It is the responsibility of each NCB, for respective (resident) entities, to ensure that all entities with an official RIAD code represent distinct real world entities (unique identification).",,
ECB,ENTTY_RL,ENTTY_RL,Entity role,ENTTY_RL,Role of the counterparties in an instrument.,,
ECB,FDCRY,FDCRY,Fiduciary instrument,FDCRY,Identification of instruments in which the observed agent acts in its own name but on behalf of and with the risk borne by a third party.,,
ECB,FRBRNC_STTS,FRBRNC_STTS,Forbearance and renegotiation status,FRBRNC_STTS,Identification of forborne and renegotiated instruments.,,
ECB,FV_CHNG_CR_BFR_PRCHS,FV_CHNG_CR_BFR_PRCHS,Fair value changes due to changes in credit risk before purchase,MNTRY,The difference between the outstanding nominal amount and the purchase price of the instrument at the purchase date. This amount should be reported for instruments purchased for an amount lower than the outstanding amount due to credit risk deterioration.,,
ECB,HD_OFFC_UNDRT_RIAD_CD,HD_OFFC_UNDRT_RIAD_CD,Head office undertaking identifier (identifier type: RIAD code),STRNG,Counterparty identifier for the legal entity of which the foreign branch is a legally dependent part. This information is only to be reported for counterparties that are foreign branches.,,
ECB,IMMDT_PRNT_UNDRT_CD,IMMDT_PRNT_UNDRT_CD,Immediate parent undertaking (identifier type: RIAD code),STRNG,"Counterparty identifier for the legal entity which is the immediate parent undertaking of the counterparty. If the counterparty has no parent undertaking, the counterparty identifier for the counterparty itself is to be reported. Parent undertaking has the same meaning as defined in Article 4(1)(15)(a) of Regulation (EU) No 575/2013.",,
ECB,IMPRMNT_ASSSSMNT_MTHD,IMPRMNT_ASSSSMNT_MTHD,Impairment assessment method,IMPRMNT_ASSSSMNT_MTHD,"The method by which the impairment is assessed, if the instrument is subject to impairment in accordance with applied accounting standards. Collective and individual methods are distinguished.",,
ECB,IMPRMNT_STTS,IMPRMNT_STTS,Impairment status,CRDT_QLTY,Type of impairment recorded in accordance with the accounting standard – IFRS or national GAAP.,,
ECB,INSTRMNT_ID,INSTRMNT_ID,Instrument identifier,STRNG,An identifier applied by the reporting agent to uniquely identify each instrument under a single contract. Each instrument must have one instrument identifier. This value will not change over time and cannot be used as the instrument identifier for any other instrument under the same contract.,,
ECB,INSTTTNL_SCTR,INSTTTNL_SCTR,Institutional sector,INSTTTNL_SCTR,"Institutional sectors in accordance with Regulation (EU) No 549/2013, Regulation (EU) No 575/2013 and Regulation (EU) No 1075/2013 of the European Central Bank (ECB/2013/40)(1).",,
ECB,INTRST_RT_CP,INTRST_RT_CP,Interest rate cap,RL,Maximum value for the interest rate charged.,,
ECB,INTRST_RT_FLR,INTRST_RT_FLR,Interest rate floor,RL,Minimum value for the interest rate charged.,,
ECB,INTRST_RT_RST_FRQNCY,INTRST_RT_RST_FRQNCY,Interest rate reset frequency,FRQNCY,"Frequency at which the interest rate is reset after the initial fixed-rate period, if any.",,
ECB,INTRST_RT_SPRD,INTRST_RT_SPRD,Interest rate spread / margin,RL,Margin or spread (expressed as a percentage) to add to the reference rate that is used for the calculation of the interest rate in basis points.,,
ECB,JNT_LBLTY_AMNT,JNT_LBLTY_AMNT,Joint liability amount,MNTRY,Outstanding nominal amount for which each debtor is liable in relation to a single instrument where there are two or more debtors.,,
ECB,LEI,LEI,LEI code,STRNG,Reference code in line with the International Organization for Standardization’s (ISO) 17442 standard,,
ECB,LGL_FRM,LGL_FRM,Legal form,LGL_FRM,Type of business entity as defined in the national legal system.,,
ECB,LGL_PRCDNG_STTS,LGL_PRCDNG_STTS,Legal proceeding status,LGL_PRCDNG_STTS,Categories describing an entity's legal status in relation to its/his/her solvency based on the national legal framework.,,
ECB,NEVS,NEVS,Null explanatory values,NEVS,"Indicates the reasons for null values of variables (for instance, whether a null value in the staging area corresponds to a real null (i.e. the reporting agent has not reported any value) or to an error (i.e. the reporting agent reported",,
ECB,NMBR_EMPLYS,NMBR_EMPLYS,Number of employees,RL,"Number of employees working for the counterparty, in accordance with Article 5 of the Annex to Recommendation 2003/361/EC.",,
ECB,NM_ENTTY,NM_ENTTY,Name,STRNG,"Full legal name of the entity, e.g. as in the business register.",,
ECB,OBSRVD_AGNT_CD,OBSRVD_AGNT_CD,Observed agent identifier (identifier type: RIAD internal identifier),STRNG,RIAD code of the observed agent,,
ECB,OFF_BLNC_SHT_AMNT,OFF_BLNC_SHT_AMNT,Off-balance sheet amount,MNTRY,Total nominal amount of off-balance sheet exposures. This includes any commitment to lend before considering conversion factors and credit risk mitigation techniques. It is the amount that best represents the institution's maximum exposure to credit risk without taking into account any protection held or other credit enhancements.,,
ECB,ORGNL_PRTCTN_VL,ORGNL_PRTCTN_VL,Original protection value,MNTRY,The protection’s fair value at the date when it was originally received as a credit protection.,,
ECB,OTSTNDNG_NMNL_AMNT,OTSTNDNG_NMNL_AMNT,Outstanding nominal amount,MNTRY,"Principal amount outstanding at the end of the reporting reference date, including unpaid past due interest but excluding accrued interest. The outstanding nominal amount must be reported net of write-offs and write-downs as determined by the relevant accounting practices.",,
ECB,PD,PD,Probability of default,RL,"The counterparty’s probability of default over one year determined in accordance with Articles 160, 163, 179 and 180 of Regulation (EU) No 575/2013.",,
ECB,PRDNTL_PRTFL,PRDNTL_PRTFL,Prudential portfolio,PRDNTL_PRTFL,Classification of exposures in the trading book as defined in Article 4(1)(86) of Regulation (EU) No 575/2013.,,
ECB,PRFRMNG_STTS,PRFRMNG_STTS,Performing status,CRDT_QLTY,Performing status in accordance with Implementing Regulation (EU) No 680/2014.,,
ECB,PRJCT_FNNC_LN,PRJCT_FNNC_LN,Project finance loan,PRJCT_FNNC_LN,Identification of project finance to identify in case of a project finance loan in accordance with Implementing Regulation (EU) No 680/2014.,,
ECB,PRPS,PRPS,Purpose,PRPS,Classification of instruments according to their purpose.,,
ECB,PRTCTN_ALLCTD_VL,PRTCTN_ALLCTD_VL,Protection allocated value,MNTRY,"The maximum amount of the protection value that can be considered as credit protection for the instrument. The amount of the existing third parties or observed agent priority claims against the protection must be excluded in the protection allocated value. For protections that is eligible under Regulation (EU) No 575/2013, this value should be reported in accordance with Part 2 of Annex V to Implementing Regulation (EU) No 680/2014.",,
ECB,PRTCTN_ID,PRTCTN_ID,Protection identifier,STRNG,An identifier applied by the reporting agent to uniquely identify each protection used to secure the instrument. Each protection must have one protection identifier. This value will not change over time and cannot be used as the protection identifier for any other protection.,,
ECB,PRTCTN_PRVDR_CD,PRTCTN_PRVDR_CD,Protection provider identifier (identifier type: RIAD code),STRNG,"RIAD code of the protection provider. If the protection provider is not a legal entity, the protection provider identifier is not required to be reported.",,
ECB,PRTCTN_VL,PRTCTN_VL,Protection value,MNTRY,The amount of the protection value as established for the relevant ‘Type of protection value’ following the valuation approach.,,
ECB,PRTCTN_VLTN_APPRCH,PRTCTN_VLTN_APPRCH,Protection valuation approach,PRTCTN_VLTN_APPRCH,Type of protection valuation; method used to determine the protection value.,,
ECB,PRVSNS_OFF_BLNC_SHT,PRVSNS_OFF_BLNC_SHT,Provisions associated with off-balance sheet exposures,MNTRY,The amount of provisions for off-balance sheet amounts.,,
ECB,PSTL_CD,PSTL_CD,Postal code,STRNG,Entity's postal code.,,
ECB,PYMNT_FRQNCY,PYMNT_FRQNCY,Payment frequency,FRQNCY,"Frequency of payments due, either of principal or interest, i.e. number of months between payments.",,
ECB,RCGNTN_STTS,RCGNTN_STTS,Recognition,RCGNTN_STTS,Balance sheet recognition of the financial asset.,,
ECB,RCRS,RCRS,Exposure with recourse,RCRS,Classification of instruments based on the creditor’s rights to seize assets other than any protection pledged to secure the instrument.,,
ECB,RECL_CNTRY,RECL_CNTRY,Country where the collateral is located.,GGRPHCL_ARS,Country where the collateral is located.,,
ECB,RECL_PSTL_CD,RECL_PSTL_CD,Postal code where the collateral is located.,STRNG,Postal code where the collateral is located.,,
ECB,RECL_TRRTRL_UNT,RECL_TRRTRL_UNT,Region where the collateral is located.,GGRPHCL_ARS,Region where the collateral is located.,,
ECB,RFRNC_RT,RFRNC_RT,Reference rate,RFRNC_RT,Reference rate used for the calculation of the actual interest rate.,,
ECB,RPYMNT_RGHTS,RPYMNT_RGHTS,Repayment rights,RPYMNT_RGHTS,Classification of credit exposures according to the creditor's rights to claim the repayment of the exposure. On demand or at short notice,,
ECB,SBRDNTD_DBT,SBRDNTD_DBT,Subordinated debt,SBRDNTD_DBT,Identification of subordinated debt. Subordinated debt instruments provide a subsidiary claim on the issuing institution that can only be exercised after all claims with a higher status (e.g. deposits/loans) have been satisfied.,,
ECB,SRC_ENCMBRNC,SRC_ENCMBRNC,Source of encumbrance,SRC_ENCMBRNC,"Type of transaction in which the exposure is encumbered in accordance with Implementing Regulation (EU) No 680/2014. An asset will be treated as encumbered if it has been pledged or if it is subject to any form of arrangement to secure, collateralise or credit enhance any instrument from which it cannot be freely withdrawn.",,
ECB,STRT,STRT,Street,STRNG,"Entity's street address, including the street number.",,
ECB,SYNDCTD_CNTRCT_ID,SYNDCTD_CNTRCT_ID,Syndicated contract identifier,STRNG,'Contract identifier' applied by the lead arranger of the syndicated contract to uniquely identify each contract. Each syndicated contract will have one 'syndicated contract identifier'. This value will not change over time and cannot be used by the lead arranger as the contract identifier for any other contract. All creditors participating in the syndicated contract must use the same 'syndicated contract identifier'.,,
ECB,THRD_PRTY_PRRTY_CLMS,THRD_PRTY_PRRTY_CLMS,Third party priority claims against the protection ,MNTRY,The maximum amount of any existing higher ranked liens with respect to third parties other than the observed agent against the protection.,,
ECB,TRNSFRRD_AMNT,TRNSFRRD_AMNT,Transferred amount,MNTRY,Transferred amount of the economic ownership of the financial asset.,,
ECB,TRRTRL_UNT,TRRTRL_UNT,Territorial unit,GGRPHCL_ARS,Entity's territorial unit according to Regulation (EC) No 1059/2003 on the establishment of a common classification of territorial units for statistics (NUTS).,,
ECB,TYP_AMRTSTN,TYP_AMRTSTN,Type of amortisation,TYP_AMRTSTN,Type of amortisation of the instrument including principal and interest,,
ECB,TYP_INSTRMNT,TYP_INSTRMNT,Type of instrument,TYP_INSTRMNT,Classification of the instrument according to the type of contractual terms agreed between the parties.,,
ECB,TYP_INTRST_RT,TYP_INTRST_RT,Type of interest rate,TYP_INTRST_RT,Type of interest rate classifies credit exposures based on the base rate for establishing the interest rate for each payment period.,,
ECB,TYP_PRTCTN,TYP_PRTCTN,Type of protection,TYP_PRTCTN,"Type of protection received, irrespective of its eligibility for credit risk mitigation.",,
ECB,TYP_PRTCTN_VL,TYP_PRTCTN_VL,Type of protection value,TYP_PRTCTN_VL,Identification of the type of the protection value.,,
ECB,TYP_SCRTSTN,TYP_SCRTSTN,Type of securitisation,TYP_TRNSFR,"Identification of the securitisation type, in accordance with Article 242(10) and (11) of Regulation (EU) No 575/2013.",,
ECB,ULTMT_PRNT_UNDRT_CD,ULTMT_PRNT_UNDRT_CD,Ultimate parent undertaking identifier (identifier type: RIAD code),STRNG,"Counterparty identifier of the legal entity which is the ultimate parent undertaking of the counterparty. This ultimate parent undertaking has no parent undertaking. If the counterparty has no parent undertaking, the counterparty identifier for the counterparty itself is to be reported.Parent undertaking has the same meaning as defined in Article 4(1)(15)(a) of Regulation (EU) No 575/2013.",,
REF,action_time,action_time,action time,Date,,,
REF,algorithm,algorithm,algorithm,String,,,
REF,amendment_id,amendment_id,amendment_id,String,,,
REF,amendment_type,amendment_type,amendment_type,String,,,
REF,app_label,app_label,app label,String,,,
REF,attr1_reference,attr1_reference,attr1_reference,String,,,
REF,avg_chain_length,avg_chain_length,avg chain length,Float,,,
REF,axis_id,axis_id,axis_id,String,,,
REF,axis_ordinate_id,axis_ordinate_id,axis_ordinate_id,String,,,
REF,bird_content_branch,bird_content_branch,bird content branch,String,,,
REF,calculation_name,calculation_name,calculation name,String,,,
REF,cell_code,cell_code,cell code,String,,,
REF,cell_id,cell_id,cell_id,String,,,
REF,chain_name,chain_name,chain name,String,,,
REF,code,code,code,String,,,
REF,codename,codename,codename,String,,,
REF,column_key,column_key,column key,String,,,
REF,combination_id,combination_id,combination_id,String,,,
REF,comparator,comparator,comparator,String,,,
REF,comparison,comparison,comparison,String,,,
REF,completed_at,completed_at,completed at,Date,,,
REF,computed_value,computed_value,computed value,Float,,,
REF,config_files_github_url,config_files_github_url,config files github url,String,,,
REF,config_files_source,config_files_source,config files source,String,,,
REF,content_id,content_id,content id,String,,,
REF,content_type,content_type,content type,String,,,
REF,contributed_value,contributed_value,contributed value,Float,,,
REF,contribution_type,contribution_type,contribution type,String,,,
REF,created_at,created_at,created at,Date,,,
REF,created_date,created_date,created_date,Date,,,
REF,cube_id,cube_id,cube_id,String,,,
REF,cube_link_id,cube_link_id,cube_link_id,String,,,
REF,cube_link_type,cube_link_type,cube_link_type,String,,,
REF,cube_mapping_id,cube_mapping_id,cube_mapping_id,String,,,
REF,cube_structure_id,cube_structure_id,cube_structure_id,String,,,
REF,cube_structure_item_link_id,cube_structure_item_link_id,cube_structure_item_link_id,String,,,
REF,cube_type,cube_type,cube_type,String,,,
REF,cube_variable_code,cube_variable_code,cube_variable_code,String,,,
REF,data_model_type,data_model_type,data model type,String,,,
REF,data_type,data_type,data_type,String,,,
REF,dataset_url,dataset_url,dataset_url,String,,,
REF,date_joined,date_joined,date joined,Date,,,
REF,dependency_string,dependency_string,dependency string,String,,,
REF,dependency_type,dependency_type,dependency type,String,,,
REF,description,description,description,String,,,
REF,di_export,di_export,di_export,String,,,
REF,dimension_type,dimension_type,dimension_type,String,,,
REF,display_name,display_name,display_name,String,,,
REF,domain_id,domain_id,domain_id,String,,,
REF,email,email,email address,String,,,
REF,enriched_attribute_reference,enriched_attribute_reference,enriched_attribute_reference,String,,,
REF,entity_creation_task,entity_creation_task,entity_creation_task,Boolean,,,
REF,entity_reference,entity_reference,entity_reference,String,,,
REF,execution_code_approved,execution_code_approved,execution code approved,Boolean,,,
REF,expire_date,expire_date,expire date,Date,,,
REF,facet_id,facet_id,facet_id,String,,,
REF,facet_value_type,facet_value_type,facet_value_type,String,,,
REF,filters,filters,filters,String,,,
REF,final_value,final_value,final value,Float,,,
REF,first_name,first_name,first name,String,,,
REF,flow_element_id,flow_element_id,flow element id,String,,,
REF,flow_element_type,flow_element_type,flow element type,String,,,
REF,flow_type,flow_type,flow type,String,,,
REF,framework,framework,framework,String,,,
REF,framework_id,framework_id,framework_id,String,,,
REF,framework_status,framework_status,framework_status,String,,,
REF,framework_type,framework_type,framework_type,String,,,
REF,generated_at,generated_at,generated at,Date,,,
REF,generated_entity_reference,generated_entity_reference,generated_entity_reference,String,,,
REF,id,id,ID,Integer,,,
REF,invisible,invisible,invisible,Boolean,,,
REF,is_abstract_header,is_abstract_header,is_abstract_header,Boolean,,,
REF,is_active,is_active,active,Boolean,,,
REF,is_allowed,is_allowed,is_allowed,Boolean,,,
REF,is_decomposed,is_decomposed,is_decomposed,Boolean,,,
REF,is_enumerated,is_enumerated,is_enumerated,Boolean,,,
REF,is_flow,is_flow,is_flow,Boolean,,,
REF,is_identifier,is_identifier,is_identifier,Boolean,,,
REF,is_implemented,is_implemented,is_implemented,Boolean,,,
REF,is_linked,is_linked,is_linked,Boolean,,,
REF,is_listed,is_listed,is_listed,Boolean,,,
REF,is_main_hierarchy,is_main_hierarchy,is_main_hierarchy,Boolean,,,
REF,is_mandatory,is_mandatory,is_mandatory,Boolean,,,
REF,is_natural,is_natural,is_natural,Boolean,,,
REF,is_open_axis,is_open_axis,is_open_axis,Boolean,,,
REF,is_reference,is_reference,is_reference,Boolean,,,
REF,is_shaded,is_shaded,is_shaded,Boolean,,,
REF,is_source,is_source,is_source,String,,,
REF,is_staff,is_staff,staff status,Boolean,,,
REF,is_stale,is_stale,is stale,Boolean,,,
REF,is_starting_member_included,is_starting_member_included,is_starting_member_included,String,,,
REF,is_superuser,is_superuser,superuser status,Boolean,,,
REF,join_identifier,join_identifier,join_identifier,String,,,
REF,joins_metadata_approved,joins_metadata_approved,joins metadata approved,Boolean,,,
REF,language,language,language,String,,,
REF,last_execution_date,last_execution_date,Last Execution Date,Date,,,
REF,last_execution_status,last_execution_status,Last Execution Status,String,,,
REF,last_login,last_login,last login,Date,,,
REF,last_name,last_name,last name,String,,,
REF,level,level,level,Integer,,,
REF,link_text,link_text,link_text,String,,,
REF,maintenance_agency_id,maintenance_agency_id,maintenance_agency_id,String,,,
REF,mapping_id,mapping_id,mapping_id,String,,,
REF,mapping_type,mapping_type,mapping_type,String,,,
REF,member_hierarchy_id,member_hierarchy_id,member_hierarchy_id,String,,,
REF,member_hierarchy_valid_from,member_hierarchy_valid_from,member_hierarchy_valid_from,Date,,,
REF,member_id,member_id,member_id,String,,,
REF,member_mapping_id,member_mapping_id,member_mapping_id,String,,,
REF,member_mapping_row,member_mapping_row,row,String,,,
REF,member_reference,member_reference,member_reference,String,,,
REF,model,model,python model class name,String,,,
REF,modified_date,modified_date,modified_date,Date,,,
REF,module_id,module_id,module_id,String,,,
REF,module_name,module_name,module_name,String,,,
REF,name,name,name,String,,,
REF,object_repr,object_repr,object repr,String,,,
REF,operation_type,operation_type,operation type,String,,,
REF,operator,operator,operator,String,,,
REF,order,order,order,Integer,,,
REF,order_relevance,order_relevance,order_relevance,Integer,,,
REF,orientation,orientation,orientation,String,,,
REF,other_links,other_links,other_links,String,,,
REF,output_cell_name,output_cell_name,output cell name,String,,,
REF,output_column,output_column,output column,String,,,
REF,output_layer_reference,output_layer_reference,output_layer_reference,String,,,
REF,output_row_key,output_row_key,output row key,String,,,
REF,output_table,output_table,output table,String,,,
REF,password,password,password,String,,,
REF,path,path,path,String,,,
REF,primary_concept,primary_concept,primary_concept,String,,,
REF,published,published,published,Boolean,,,
REF,recovery_action,recovery_action,Recovery Action,String,,,
REF,report_template,report_template,report template,String,,,
REF,reporting_population,reporting_population,reporting_population,String,,,
REF,review_status,review_status,Review Status,String,,,
REF,role,role,role,String,,,
REF,row_identifier,row_identifier,row identifier,String,,,
REF,row_key,row_key,row key,String,,,
REF,second_attribute_reference,second_attribute_reference,second_attribute_reference,String,,,
REF,section_type,section_type,section type,String,,,
REF,session_id,session_id,session id,String,,,
REF,session_key,session_key,session key,String,,,
REF,source_label,source_label,source label,String,,,
REF,started_at,started_at,started at,Date,,,
REF,status,status,status,String,,,
REF,step_name,step_name,step name,String,,,
REF,step_type,step_type,step type,String,,,
REF,style,style,style,String,,,
REF,subdomain_id,subdomain_id,subdomain_id,String,,,
REF,subsection,subsection,subsection,String,,,
REF,subtask_name,subtask_name,subtask name,String,,,
REF,system_data_code,system_data_code,system_data_code,String,,,
REF,table_cell_combination_id,table_cell_combination_id,table_cell_combination_id,String,,,
REF,table_content_type,table_content_type,table content type,String,,,
REF,table_id,table_id,table_id,String,,,
REF,target_label,target_label,target label,String,,,
REF,technical_export_github_url,technical_export_github_url,technical export github url,String,,,
REF,technical_export_source,technical_export_source,technical export source,String,,,
REF,test_config_path,test_config_path,Test Configuration Path,String,,,
REF,test_suite_branch,test_suite_branch,test suite branch,String,,,
REF,test_suite_github_url,test_suite_github_url,test suite github url,String,,,
REF,test_suite_name,test_suite_name,Test Suite Name,String,,,
REF,test_suite_source,test_suite_source,test suite source,String,,,
REF,title,title,title,String,,,
REF,updated_at,updated_at,updated at,Date,,,
REF,uri,uri,uri,String,,,
REF,username,username,username,String,,,
REF,valid_from,valid_from,valid_from,Date,,,
REF,valid_to,valid_to,valid_to,Date,,,
REF,value,value,value,Float,,,
REF,value_sum,value_sum,value sum,Float,,,
REF,variable_id,variable_id,variable_id,String,,,
REF,variable_mapping_id,variable_mapping_id,variable_mapping_id,String,,,
REF,variable_set_id,variable_set_id,variable_set_id,String,,,
REF,version,version,version,String,,,
REF,when_to_stop,when_to_stop,when to stop,String,,,