MAINTENANCE_AGENCY_ID,CUBE_ID,NAME,CODE,FRAMEWORK_ID,CUBE_STRUCTURE_ID,CUBE_TYPE,IS_ALLOWED,VALID_FROM,VALID_TO,VERSION,DESCRIPTION,PUBLISHED,DATASET_URL,FILTERS,DI_EXPORT
ECB,ANCRDT_ACCNTNG_C_1,Accounting,ANCRDT_ACCNTNG_C,ANCRDT,ANCRDT_ACCNTNG_C_1,,,,,,ANCRDT_ACCNTNG_C_1,,,,
ECB,ANCRDT_ENTTY_C_1,Counterparty,ANCRDT_ENTTY_C,ANCRDT,ANCRDT_ENTTY_C_1,,,,,,ANCRDT_ENTTY_C_1,,,,
ECB,ANCRDT_ENTTY_DFLT_C_1,Counterparty default,ANCRDT_ENTTY_DFLT_C,ANCRDT,ANCRDT_ENTTY_DFLT_C_1,,,,,,ANCRDT_ENTTY_DFLT_C_1,,,,
ECB,ANCRDT_ENTTY_INSTRMNT_C_1,Counterparty-instrument,ANCRDT_ENTTY_INSTRMNT_C,ANCRDT,ANCRDT_ENTTY_INSTRMNT_C_1,,,,,,ANCRDT_ENTTY_INSTRMNT_C_1,,,,
ECB,ANCRDT_ENTTY_RSK_C_1,Counterparty risk,ANCRDT_ENTTY_RSK_C,ANCRDT,ANCRDT_ENTTY_RSK_C_1,,,,,,ANCRDT_ENTTY_RSK_C_1,,,,
ECB,ANCRDT_FNNCL_C_1,Financial,ANCRDT_FNNCL_C,ANCRDT,ANCRDT_FNNCL_C_1,,,,,,ANCRDT_FNNCL_C_1,,,,
ECB,ANCRDT_INSTRMNT_C_1,Instrument,ANCRDT_INSTRMNT_C,ANCRDT,ANCRDT_INSTRMNT_C_1,,,,,,ANCRDT_INSTRMNT_C_1,,,,
ECB,ANCRDT_INSTRMNT_PRTCTN_RCVD_C_1,Instrument-protection,ANCRDT_INSTRMNT_PRTCTN_RCVD_C,ANCRDT,ANCRDT_INSTRMNT_PRTCTN_RCVD_C_1,,,,,,ANCRDT_INSTRMNT_PRTCTN_RCVD_C_1,,,,
ECB,ANCRDT_JNT_LBLTS_C_1,Joint liabilities,ANCRDT_JNT_LBLTS_C,ANCRDT,ANCRDT_JNT_LBLTS_C_1,,,,,,ANCRDT_JNT_LBLTS_C_1,,,,
ECB,ANCRDT_PRTCTN_RCVD_C_1,Protection received,ANCRDT_PRTCTN_RCVD_C,ANCRDT,ANCRDT_PRTCTN_RCVD_C_1,,,,,,ANCRDT_PRTCTN_RCVD_C_1,,,,
,AXIS,AXIS,,BIRD_EIL,AXIS,,,,,,,,,,
,AXIS_ORDINATE,AXIS_ORDINATE,,BIRD_EIL,AXIS_ORDINATE,,,,,,,,,,
,ActivityTag,ActivityTag,,BIRD_EIL,ActivityTag,,,,,,,,,,
,AllowedTypes,AllowedTypes,,BIRD_EIL,AllowedTypes,,,,,,,,,,
,AllowedTypesItem,AllowedTypesItem,,BIRD_EIL,AllowedTypesItem,,,,,,,,,,
,AnaCreditProcessExecution,AnaCreditProcessExecution,,BIRD_EIL,AnaCreditProcessExecution,,,,,,,,,,
,AortaTableReference,AortaTableReference,,BIRD_EIL,AortaTableReference,,,,,,,,,,
,AutomodeConfiguration,AutomodeConfiguration,,BIRD_EIL,AutomodeConfiguration,,,,,,,,,,
,CELL_POSITION,CELL_POSITION,,BIRD_EIL,CELL_POSITION,,,,,,,,,,
,COMBINATION,COMBINATION,,BIRD_EIL,COMBINATION,,,,,,,,,,
,COMBINATION_ITEM,COMBINATION_ITEM,,BIRD_EIL,COMBINATION_ITEM,,,,,,,,,,
,CUBE,CUBE,,BIRD_EIL,CUBE,,,,,,,,,,
,CUBE_LINK,CUBE_LINK,,BIRD_EIL,CUBE_LINK,,,,,,,,,,
,CUBE_STRUCTURE,CUBE_STRUCTURE,,BIRD_EIL,CUBE_STRUCTURE,,,,,,,,,,
,CUBE_STRUCTURE_ITEM,CUBE_STRUCTURE_ITEM,,BIRD_EIL,CUBE_STRUCTURE_ITEM,,,,,,,,,,
,CUBE_STRUCTURE_ITEM_LINK,CUBE_STRUCTURE_ITEM_LINK,,BIRD_EIL,CUBE_STRUCTURE_ITEM_LINK,,,,,,,,,,
,CUBE_TO_COMBINATION,CUBE_TO_COMBINATION,,BIRD_EIL,CUBE_TO_COMBINATION,,,,,,,,,,
,CalculationChain,CalculationChain,,BIRD_EIL,CalculationChain,,,,,,,,,,
,CalculationChainStep,CalculationChainStep,,BIRD_EIL,CalculationChainStep,,,,,,,,,,
,CalculationUsedField,CalculationUsedField,,BIRD_EIL,CalculationUsedField,,,,,,,,,,
,CalculationUsedRow,CalculationUsedRow,,BIRD_EIL,CalculationUsedRow,,,,,,,,,,
,CellLineage,CellLineage,,BIRD_EIL,CellLineage,,,,,,,,,,
,CellSourceRow,CellSourceRow,,BIRD_EIL,CellSourceRow,,,,,,,,,,
,ContentType,ContentType,,BIRD_EIL,ContentType,,,,,,,,,,
,DOMAIN,DOMAIN,,BIRD_EIL,DOMAIN,,,,,,,,,,
,DPMProcessExecution,DPMProcessExecution,,BIRD_EIL,DPMProcessExecution,,,,,,,,,,
,DataConstraint,DataConstraint,,BIRD_EIL,DataConstraint,,,,,,,,,,
,DataFlowEdge,DataFlowEdge,,BIRD_EIL,DataFlowEdge,,,,,,,,,,
,DatabaseColumnValue,DatabaseColumnValue,,BIRD_EIL,DatabaseColumnValue,,,,,,,,,,
,DatabaseField,DatabaseField,,BIRD_EIL,DatabaseField,,,,,,,,,,
,DatabaseRow,DatabaseRow,,BIRD_EIL,DatabaseRow,,,,,,,,,,
,DatabaseTable,DatabaseTable,,BIRD_EIL,DatabaseTable,,,,,,,,,,
,DerivedRowSourceReference,DerivedRowSourceReference,,BIRD_EIL,DerivedRowSourceReference,,,,,,,,,,
,DerivedTable,DerivedTable,,BIRD_EIL,DerivedTable,,,,,,,,,,
,DerivedTableRow,DerivedTableRow,,BIRD_EIL,DerivedTableRow,,,,,,,,,,
,EvaluatedDerivedTable,EvaluatedDerivedTable,,BIRD_EIL,EvaluatedDerivedTable,,,,,,,,,,
,EvaluatedFunction,EvaluatedFunction,,BIRD_EIL,EvaluatedFunction,,,,,,,,,,
,EvaluatedFunctionSourceValue,EvaluatedFunctionSourceValue,,BIRD_EIL,EvaluatedFunctionSourceValue,,,,,,,,,,
,ExclusiveGateway,ExclusiveGateway,,BIRD_EIL,ExclusiveGateway,,,,,,,,,,
,FACET_COLLECTION,FACET_COLLECTION,,BIRD_EIL,FACET_COLLECTION,,,,,,,,,,
,FRAMEWORK,FRAMEWORK,,BIRD_EIL,FRAMEWORK,,,,,,,,,,
,FRAMEWORK_HIERARCHY,FRAMEWORK_HIERARCHY,,BIRD_EIL,FRAMEWORK_HIERARCHY,,,,,,,,,,
,FRAMEWORK_SUBDOMAIN,FRAMEWORK_SUBDOMAIN,,BIRD_EIL,FRAMEWORK_SUBDOMAIN,,,,,,,,,,
,FRAMEWORK_TABLE,FRAMEWORK_TABLE,,BIRD_EIL,FRAMEWORK_TABLE,,,,,,,,,,
,FrameworkTestSuite,FrameworkTestSuite,,BIRD_EIL,FrameworkTestSuite,,,,,,,,,,
,Function,Function,,BIRD_EIL,Function,,,,,,,,,,
,FunctionColumnReference,FunctionColumnReference,,BIRD_EIL,FunctionColumnReference,,,,,,,,,,
,FunctionText,FunctionText,,BIRD_EIL,FunctionText,,,,,,,,,,
,Group,Group,,BIRD_EIL,Group,,,,,,,,,,
,InclusiveGateway,InclusiveGateway,,BIRD_EIL,InclusiveGateway,,,,,,,,,,
,LineageSummaryCache,LineageSummaryCache,,BIRD_EIL,LineageSummaryCache,,,,,,,,,,
,LogEntry,LogEntry,,BIRD_EIL,LogEntry,,,,,,,,,,
,MAINTENANCE_AGENCY,MAINTENANCE_AGENCY,,BIRD_EIL,MAINTENANCE_AGENCY,,,,,,,,,,
,MAPPING_DEFINITION,MAPPING_DEFINITION,,BIRD_EIL,MAPPING_DEFINITION,,,,,,,,,,
,MAPPING_ORDINATE_LINK,MAPPING_ORDINATE_LINK,,BIRD_EIL,MAPPING_ORDINATE_LINK,,,,,,,,,,
,MAPPING_TO_CUBE,MAPPING_TO_CUBE,,BIRD_EIL,MAPPING_TO_CUBE,,,,,,,,,,
,MEMBER,MEMBER,,BIRD_EIL,MEMBER,,,,,,,,,,
,MEMBER_HIERARCHY,MEMBER_HIERARCHY,,BIRD_EIL,MEMBER_HIERARCHY,,,,,,,,,,
,MEMBER_HIERARCHY_NODE,MEMBER_HIERARCHY_NODE,,BIRD_EIL,MEMBER_HIERARCHY_NODE,,,,,,,,,,
,MEMBER_LINK,MEMBER_LINK,,BIRD_EIL,MEMBER_LINK,,,,,,,,,,
,MEMBER_MAPPING,MEMBER_MAPPING,,BIRD_EIL,MEMBER_MAPPING,,,,,,,,,,
,MEMBER_MAPPING_ITEM,MEMBER_MAPPING_ITEM,,BIRD_EIL,MEMBER_MAPPING_ITEM,,,,,,,,,,
,MetaDataTrail,MetaDataTrail,,BIRD_EIL,MetaDataTrail,,,,,,,,,,
,ORDINATE_ITEM,ORDINATE_ITEM,,BIRD_EIL,ORDINATE_ITEM,,,,,,,,,,
,ParallelGateway,ParallelGateway,,BIRD_EIL,ParallelGateway,,,,,,,,,,
,Permission,Permission,,BIRD_EIL,Permission,,,,,,,,,,
,PopulatedDataBaseTable,PopulatedDataBaseTable,,BIRD_EIL,PopulatedDataBaseTable,,,,,,,,,,
,RequirementType,RequirementType,,BIRD_EIL,RequirementType,,,,,,,,,,
,RequirementsModule,RequirementsModule,,BIRD_EIL,RequirementsModule,,,,,,,,,,
,RequirementsModuleRule,RequirementsModuleRule,,BIRD_EIL,RequirementsModuleRule,,,,,,,,,,
,RequirementsSection,RequirementsSection,,BIRD_EIL,RequirementsSection,,,,,,,,,,
,RequirementsSectionImage,RequirementsSectionImage,,BIRD_EIL,RequirementsSectionImage,,,,,,,,,,
,RequirementsSectionLinkWithText,RequirementsSectionLinkWithText,,BIRD_EIL,RequirementsSectionLinkWithText,,,,,,,,,,
,RequirementsSectionText,RequirementsSectionText,,BIRD_EIL,RequirementsSectionText,,,,,,,,,,
,SUBDOMAIN,SUBDOMAIN,,BIRD_EIL,SUBDOMAIN,,,,,,,,,,
,SUBDOMAIN_ENUMERATION,SUBDOMAIN_ENUMERATION,,BIRD_EIL,SUBDOMAIN_ENUMERATION,,,,,,,,,,
,Scenario,Scenario,,BIRD_EIL,Scenario,,,,,,,,,,
,ScenarioTag,ScenarioTag,,BIRD_EIL,ScenarioTag,,,,,,,,,,
,ScriptTask,ScriptTask,,BIRD_EIL,ScriptTask,,,,,,,,,,
,ScriptTaskSelectionLayer,ScriptTaskSelectionLayer,,BIRD_EIL,ScriptTaskSelectionLayer,,,,,,,,,,
,SelectionLayer,SelectionLayer,,BIRD_EIL,SelectionLayer,,,,,,,,,,
,SequenceFlow,SequenceFlow,,BIRD_EIL,SequenceFlow,,,,,,,,,,
,ServiceTask,ServiceTask,,BIRD_EIL,ServiceTask,,,,,,,,,,
,ServiceTaskScenario,ServiceTaskScenario,,BIRD_EIL,ServiceTaskScenario,,,,,,,,,,
,Session,Session,,BIRD_EIL,Session,,,,,,,,,,
,SubProcess,SubProcess,,BIRD_EIL,SubProcess,,,,,,,,,,
,SubProcessFlowElement,SubProcessFlowElement,,BIRD_EIL,SubProcessFlowElement,,,,,,,,,,
,TABLE,TABLE,,BIRD_EIL,TABLE,,,,,,,,,,
,TABLE_AMENDMENT,TABLE_AMENDMENT,,BIRD_EIL,TABLE_AMENDMENT,,,,,,,,,,
,TABLE_CELL,TABLE_CELL,,BIRD_EIL,TABLE_CELL,,,,,,,,,,
,TableCreationFunction,TableCreationFunction,,BIRD_EIL,TableCreationFunction,,,,,,,,,,
,TableCreationFunctionColumn,TableCreationFunctionColumn,,BIRD_EIL,TableCreationFunctionColumn,,,,,,,,,,
,TableCreationSourceTable,TableCreationSourceTable,,BIRD_EIL,TableCreationSourceTable,,,,,,,,,,
,Tag,Tag,,BIRD_EIL,Tag,,,,,,,,,,
,TagGroup,TagGroup,,BIRD_EIL,TagGroup,,,,,,,,,,
,TagGroupItem,TagGroupItem,,BIRD_EIL,TagGroupItem,,,,,,,,,,
,TagRequirement,TagRequirement,,BIRD_EIL,TagRequirement,,,,,,,,,,
,Task,Task,,BIRD_EIL,Task,,,,,,,,,,
,TitledRequirementsSection,TitledRequirementsSection,,BIRD_EIL,TitledRequirementsSection,,,,,,,,,,
,TitledRequirementsSectionContent,TitledRequirementsSectionContent,,BIRD_EIL,TitledRequirementsSectionContent,,,,,,,,,,
,Trail,Trail,,BIRD_EIL,Trail,,,,,,,,,,
,TransformationStep,TransformationStep,,BIRD_EIL,TransformationStep,,,,,,,,,,
,TransformationStepInput,TransformationStepInput,,BIRD_EIL,TransformationStepInput,,,,,,,,,,
,TransformationStepOutput,TransformationStepOutput,,BIRD_EIL,TransformationStepOutput,,,,,,,,,,
,User,User,,BIRD_EIL,User,,,,,,,,,,
,UserTask,UserTask,,BIRD_EIL,UserTask,,,,,,,,,,
,VARIABLE,VARIABLE,,BIRD_EIL,VARIABLE,,,,,,,,,,
,VARIABLE_MAPPING,VARIABLE_MAPPING,,BIRD_EIL,VARIABLE_MAPPING,,,,,,,,,,
,VARIABLE_MAPPING_ITEM,VARIABLE_MAPPING_ITEM,,BIRD_EIL,VARIABLE_MAPPING_ITEM,,,,,,,,,,
,VARIABLE_SET,VARIABLE_SET,,BIRD_EIL,VARIABLE_SET,,,,,,,,,,
,VARIABLE_SET_ENUMERATION,VARIABLE_SET_ENUMERATION,,BIRD_EIL,VARIABLE_SET_ENUMERATION,,,,,,,,,,
,WorkflowModule,WorkflowModule,,BIRD_EIL,WorkflowModule,,,,,,,,,,
,WorkflowModuleContent,WorkflowModuleContent,,BIRD_EIL,WorkflowModuleContent,,,,,,,,,,
,WorkflowSession,WorkflowSession,,BIRD_EIL,WorkflowSession,,,,,,,,,,
,WorkflowTaskDependency,WorkflowTaskDependency,,BIRD_EIL,WorkflowTaskDependency,,,,,,,,,,
,WorkflowTaskExecution,WorkflowTaskExecution,,BIRD_EIL,WorkflowTaskExecution,,,,,,,,,,