ID,CUBE_STRUCTURE_ID,CUBE_VARIABLE_CODE,VARIABLE_ID,ROLE,ORDER,SUBDOMAIN_ID,VARIABLE_SET_ID,MEMBER_ID,DIMENSION_TYPE,ATTRIBUTE_ASSOCIATED_VARIABLE,IS_FLOW,IS_MANDATORY,DESCRIPTION,IS_IMPLEMENTED,IS_IDENTIFIER
2496,LogEntry,LogEntry__action_time__0,action_time,,,,,,,,,,,,
2497,LogEntry,LogEntry__object_repr__0,object_repr,,,,,,,,,,,,
2498,Permission,Permission__name__0,name,,,,,,,,,,,,
2499,Permission,Permission__codename__0,codename,,,,,,,,,,,,
2500,Group,Group__name__0,name,,,,,,,,,,,,
2501,User,User__password__0,password,,,,,,,,,,,,
2502,User,User__last_login__0,last_login,,,,,,,,,,,,
2503,User,User__is_superuser__0,is_superuser,,,,,,,,,,,,
2504,User,User__username__0,username,,,,,,,,,,,,
2505,User,User__first_name__0,first_name,,,,,,,,,,,,
2506,User,User__last_name__0,last_name,,,,,,,,,,,,
2507,User,User__email__0,email,,,,,,,,,,,,
2508,User,User__is_staff__0,is_staff,,,,,,,,,,,,
2509,User,User__is_active__0,is_active,,,,,,,,,,,,
2510,User,User__date_joined__0,date_joined,,,,,,,,,,,,
2511,ContentType,ContentType__app_label__0,app_label,,,,,,,,,,,,
2512,ContentType,ContentType__model__0,model,,,,,,,,,,,,
2513,Session,Session__session_key__0,session_key,,,,,,,,,,,,
2514,Session,Session__expire_date__0,expire_date,,,,,,,,,,,,
2515,FRAMEWORK_TABLE,FRAMEWORK_TABLE__id__0,id,,,,,,,,,,,,
2516,FRAMEWORK_SUBDOMAIN,FRAMEWORK_SUBDOMAIN__id__0,id,,,,,,,,,,,,
2517,FRAMEWORK_HIERARCHY,FRAMEWORK_HIERARCHY__id__0,id,,,,,,,,,,,,
2518,MAPPING_ORDINATE_LINK,MAPPING_ORDINATE_LINK__id__0,id,,,,,,,,,,,,
2519,MAPPING_ORDINATE_LINK,MAPPING_ORDINATE_LINK__created_at__0,created_at,,,,,,,,,,,,
2520,SUBDOMAIN,SUBDOMAIN__subdomain_id__0,subdomain_id,,,,,,,,,,,,
2521,SUBDOMAIN,SUBDOMAIN__name__0,name,,,,,,,,,,,,
2522,SUBDOMAIN,SUBDOMAIN__is_listed__0,is_listed,,,,,,,,,,,,
2523,SUBDOMAIN,SUBDOMAIN__code__0,code,,,,,,,,,,,,
2524,SUBDOMAIN,SUBDOMAIN__description__0,description,,,,,,,,,,,,
2525,SUBDOMAIN,SUBDOMAIN__is_natural__0,is_natural,,,,,,,,,,,,
2526,SUBDOMAIN_ENUMERATION,SUBDOMAIN_ENUMERATION__id__0,id,,,,,,,,,,,,
2527,SUBDOMAIN_ENUMERATION,SUBDOMAIN_ENUMERATION__valid_from__0,valid_from,,,,,,,,,,,,
2528,SUBDOMAIN_ENUMERATION,SUBDOMAIN_ENUMERATION__valid_to__0,valid_to,,,,,,,,,,,,
2529,SUBDOMAIN_ENUMERATION,SUBDOMAIN_ENUMERATION__order__0,order,,,,,,,,,,,,
2530,DOMAIN,DOMAIN__domain_id__0,domain_id,,,,,,,,,,,,
2531,DOMAIN,DOMAIN__name__0,name,,,,,,,,,,,,
2532,DOMAIN,DOMAIN__is_enumerated__0,is_enumerated,,,,,,,,,,,,
2533,DOMAIN,DOMAIN__description__0,description,,,,,,,,,,,,
2534,DOMAIN,DOMAIN__data_type__0,data_type,,,,,,,,,,,,
2535,DOMAIN,DOMAIN__code__0,code,,,,,,,,,,,,
2536,DOMAIN,DOMAIN__is_reference__0,is_reference,,,,,,,,,,,,
2537,FACET_COLLECTION,FACET_COLLECTION__code__0,code,,,,,,,,,,,,
2538,FACET_COLLECTION,FACET_COLLECTION__facet_id__0,facet_id,,,,,,,,,,,,
2539,FACET_COLLECTION,FACET_COLLECTION__facet_value_type__0,facet_value_type,,,,,,,,,,,,
2540,FACET_COLLECTION,FACET_COLLECTION__name__0,name,,,,,,,,,,,,
2541,MAINTENANCE_AGENCY,MAINTENANCE_AGENCY__maintenance_agency_id__0,maintenance_agency_id,,,,,,,,,,,,
2542,MAINTENANCE_AGENCY,MAINTENANCE_AGENCY__code__0,code,,,,,,,,,,,,
2543,MAINTENANCE_AGENCY,MAINTENANCE_AGENCY__name__0,name,,,,,,,,,,,,
2544,MAINTENANCE_AGENCY,MAINTENANCE_AGENCY__description__0,description,,,,,,,,,,,,
2545,MEMBER,MEMBER__member_id__0,member_id,,,,,,,,,,,,
2546,MEMBER,MEMBER__code__0,code,,,,,,,,,,,,
2547,MEMBER,MEMBER__name__0,name,,,,,,,,,,,,
2548,MEMBER,MEMBER__description__0,description,,,,,,,,,,,,
2549,MEMBER_HIERARCHY,MEMBER_HIERARCHY__member_hierarchy_id__0,member_hierarchy_id,,,,,,,,,,,,
2550,MEMBER_HIERARCHY,MEMBER_HIERARCHY__code__0,code,,,,,,,,,,,,
2551,MEMBER_HIERARCHY,MEMBER_HIERARCHY__name__0,name,,,,,,,,,,,,
2552,MEMBER_HIERARCHY,MEMBER_HIERARCHY__description__0,description,,,,,,,,,,,,
2553,MEMBER_HIERARCHY,MEMBER_HIERARCHY__is_main_hierarchy__0,is_main_hierarchy,,,,,,,,,,,,
2554,MEMBER_HIERARCHY_NODE,MEMBER_HIERARCHY_NODE__id__0,id,,,,,,,,,,,,
2555,MEMBER_HIERARCHY_NODE,MEMBER_HIERARCHY_NODE__level__0,level,,,,,,,,,,,,
2556,MEMBER_HIERARCHY_NODE,MEMBER_HIERARCHY_NODE__comparator__0,comparator,,,,,,,,,,,,
2557,MEMBER_HIERARCHY_NODE,MEMBER_HIERARCHY_NODE__operator__0,operator,,,,,,,,,,,,
2558,MEMBER_HIERARCHY_NODE,MEMBER_HIERARCHY_NODE__valid_from__0,valid_from,,,,,,,,,,,,
2559,MEMBER_HIERARCHY_NODE,MEMBER_HIERARCHY_NODE__valid_to__0,valid_to,,,,,,,,,,,,
2560,VARIABLE,VARIABLE__variable_id__0,variable_id,,,,,,,,,,,,
2561,VARIABLE,VARIABLE__code__0,code,,,,,,,,,,,,
2562,VARIABLE,VARIABLE__name__0,name,,,,,,,,,,,,
2563,VARIABLE,VARIABLE__description__0,description,,,,,,,,,,,,
2564,VARIABLE,VARIABLE__primary_concept__0,primary_concept,,,,,,,,,,,,
2565,VARIABLE,VARIABLE__is_decomposed__0,is_decomposed,,,,,,,,,,,,
2566,VARIABLE_SET,VARIABLE_SET__variable_set_id__0,variable_set_id,,,,,,,,,,,,
2567,VARIABLE_SET,VARIABLE_SET__name__0,name,,,,,,,,,,,,
2568,VARIABLE_SET,VARIABLE_SET__code__0,code,,,,,,,,,,,,
2569,VARIABLE_SET,VARIABLE_SET__description__0,description,,,,,,,,,,,,
2570,VARIABLE_SET_ENUMERATION,VARIABLE_SET_ENUMERATION__id__0,id,,,,,,,,,,,,
2571,VARIABLE_SET_ENUMERATION,VARIABLE_SET_ENUMERATION__valid_from__0,valid_from,,,,,,,,,,,,
2572,VARIABLE_SET_ENUMERATION,VARIABLE_SET_ENUMERATION__valid_to__0,valid_to,,,,,,,,,,,,
2573,VARIABLE_SET_ENUMERATION,VARIABLE_SET_ENUMERATION__is_flow__0,is_flow,,,,,,,,,,,,
2574,VARIABLE_SET_ENUMERATION,VARIABLE_SET_ENUMERATION__order__0,order,,,,,,,,,,,,
2575,FRAMEWORK,FRAMEWORK__framework_id__0,framework_id,,,,,,,,,,,,
2576,FRAMEWORK,FRAMEWORK__name__0,name,,,,,,,,,,,,
2577,FRAMEWORK,FRAMEWORK__code__0,code,,,,,,,,,,,,
2578,FRAMEWORK,FRAMEWORK__description__0,description,,,,,,,,,,,,
2579,FRAMEWORK,FRAMEWORK__framework_type__0,framework_type,,,,,,,,,,,,
2580,FRAMEWORK,FRAMEWORK__reporting_population__0,reporting_population,,,,,,,,,,,,
2581,FRAMEWORK,FRAMEWORK__other_links__0,other_links,,,,,,,,,,,,
2582,FRAMEWORK,FRAMEWORK__order__0,order,,,,,,,,,,,,
2583,FRAMEWORK,FRAMEWORK__framework_status__0,framework_status,,,,,,,,,,,,
2584,MEMBER_MAPPING,MEMBER_MAPPING__member_mapping_id__0,member_mapping_id,,,,,,,,,,,,
2585,MEMBER_MAPPING,MEMBER_MAPPING__name__0,name,,,,,,,,,,,,
2586,MEMBER_MAPPING,MEMBER_MAPPING__code__0,code,,,,,,,,,,,,
2587,MEMBER_MAPPING_ITEM,MEMBER_MAPPING_ITEM__id__0,id,,,,,,,,,,,,
2588,MEMBER_MAPPING_ITEM,MEMBER_MAPPING_ITEM__member_mapping_row__0,member_mapping_row,,,,,,,,,,,,
2589,MEMBER_MAPPING_ITEM,MEMBER_MAPPING_ITEM__is_source__0,is_source,,,,,,,,,,,,
2590,MEMBER_MAPPING_ITEM,MEMBER_MAPPING_ITEM__valid_from__0,valid_from,,,,,,,,,,,,
2591,MEMBER_MAPPING_ITEM,MEMBER_MAPPING_ITEM__valid_to__0,valid_to,,,,,,,,,,,,
2592,VARIABLE_MAPPING_ITEM,VARIABLE_MAPPING_ITEM__id__0,id,,,,,,,,,,,,
2593,VARIABLE_MAPPING_ITEM,VARIABLE_MAPPING_ITEM__is_source__0,is_source,,,,,,,,,,,,
2594,VARIABLE_MAPPING_ITEM,VARIABLE_MAPPING_ITEM__valid_from__0,valid_from,,,,,,,,,,,,
2595,VARIABLE_MAPPING_ITEM,VARIABLE_MAPPING_ITEM__valid_to__0,valid_to,,,,,,,,,,,,
2596,VARIABLE_MAPPING,VARIABLE_MAPPING__variable_mapping_id__0,variable_mapping_id,,,,,,,,,,,,
2597,VARIABLE_MAPPING,VARIABLE_MAPPING__code__0,code,,,,,,,,,,,,
2598,VARIABLE_MAPPING,VARIABLE_MAPPING__name__0,name,,,,,,,,,,,,
2599,MAPPING_TO_CUBE,MAPPING_TO_CUBE__id__0,id,,,,,,,,,,,,
2600,MAPPING_TO_CUBE,MAPPING_TO_CUBE__cube_mapping_id__0,cube_mapping_id,,,,,,,,,,,,
2601,MAPPING_TO_CUBE,MAPPING_TO_CUBE__valid_from__0,valid_from,,,,,,,,,,,,
2602,MAPPING_TO_CUBE,MAPPING_TO_CUBE__valid_to__0,valid_to,,,,,,,,,,,,
2603,MAPPING_DEFINITION,MAPPING_DEFINITION__mapping_id__0,mapping_id,,,,,,,,,,,,
2604,MAPPING_DEFINITION,MAPPING_DEFINITION__name__0,name,,,,,,,,,,,,
2605,MAPPING_DEFINITION,MAPPING_DEFINITION__mapping_type__0,mapping_type,,,,,,,,,,,,
2606,MAPPING_DEFINITION,MAPPING_DEFINITION__code__0,code,,,,,,,,,,,,
2607,MAPPING_DEFINITION,MAPPING_DEFINITION__algorithm__0,algorithm,,,,,,,,,,,,
2608,AXIS,AXIS__axis_id__0,axis_id,,,,,,,,,,,,
2609,AXIS,AXIS__code__0,code,,,,,,,,,,,,
2610,AXIS,AXIS__orientation__0,orientation,,,,,,,,,,,,
2611,AXIS,AXIS__order__0,order,,,,,,,,,,,,
2612,AXIS,AXIS__name__0,name,,,,,,,,,,,,
2613,AXIS,AXIS__description__0,description,,,,,,,,,,,,
2614,AXIS,AXIS__is_open_axis__0,is_open_axis,,,,,,,,,,,,
2615,AXIS_ORDINATE,AXIS_ORDINATE__axis_ordinate_id__0,axis_ordinate_id,,,,,,,,,,,,
2616,AXIS_ORDINATE,AXIS_ORDINATE__is_abstract_header__0,is_abstract_header,,,,,,,,,,,,
2617,AXIS_ORDINATE,AXIS_ORDINATE__code__0,code,,,,,,,,,,,,
2618,AXIS_ORDINATE,AXIS_ORDINATE__order__0,order,,,,,,,,,,,,
2619,AXIS_ORDINATE,AXIS_ORDINATE__level__0,level,,,,,,,,,,,,
2620,AXIS_ORDINATE,AXIS_ORDINATE__path__0,path,,,,,,,,,,,,
2621,AXIS_ORDINATE,AXIS_ORDINATE__name__0,name,,,,,,,,,,,,
2622,AXIS_ORDINATE,AXIS_ORDINATE__description__0,description,,,,,,,,,,,,
2623,CELL_POSITION,CELL_POSITION__id__0,id,,,,,,,,,,,,
2624,ORDINATE_ITEM,ORDINATE_ITEM__id__0,id,,,,,,,,,,,,
2625,ORDINATE_ITEM,ORDINATE_ITEM__member_hierarchy_valid_from__0,member_hierarchy_valid_from,,,,,,,,,,,,
2626,ORDINATE_ITEM,ORDINATE_ITEM__is_starting_member_included__0,is_starting_member_included,,,,,,,,,,,,
2627,TABLE,TABLE__table_id__0,table_id,,,,,,,,,,,,
2628,TABLE,TABLE__name__0,name,,,,,,,,,,,,
2629,TABLE,TABLE__code__0,code,,,,,,,,,,,,
2630,TABLE,TABLE__description__0,description,,,,,,,,,,,,
2631,TABLE,TABLE__version__0,version,,,,,,,,,,,,
2632,TABLE,TABLE__valid_from__0,valid_from,,,,,,,,,,,,
2633,TABLE,TABLE__valid_to__0,valid_to,,,,,,,,,,,,
2634,TABLE_CELL,TABLE_CELL__cell_id__0,cell_id,,,,,,,,,,,,
2635,TABLE_CELL,TABLE_CELL__is_shaded__0,is_shaded,,,,,,,,,,,,
2636,TABLE_CELL,TABLE_CELL__table_cell_combination_id__0,table_cell_combination_id,,,,,,,,,,,,
2637,TABLE_CELL,TABLE_CELL__system_data_code__0,system_data_code,,,,,,,,,,,,
2638,TABLE_CELL,TABLE_CELL__name__0,name,,,,,,,,,,,,
2639,CUBE_STRUCTURE,CUBE_STRUCTURE__cube_structure_id__0,cube_structure_id,,,,,,,,,,,,
2640,CUBE_STRUCTURE,CUBE_STRUCTURE__name__0,name,,,,,,,,,,,,
2641,CUBE_STRUCTURE,CUBE_STRUCTURE__code__0,code,,,,,,,,,,,,
2642,CUBE_STRUCTURE,CUBE_STRUCTURE__description__0,description,,,,,,,,,,,,
2643,CUBE_STRUCTURE,CUBE_STRUCTURE__valid_from__0,valid_from,,,,,,,,,,,,
2644,CUBE_STRUCTURE,CUBE_STRUCTURE__valid_to__0,valid_to,,,,,,,,,,,,
2645,CUBE_STRUCTURE,CUBE_STRUCTURE__version__0,version,,,,,,,,,,,,
2646,CUBE_STRUCTURE_ITEM,CUBE_STRUCTURE_ITEM__id__0,id,,,,,,,,,,,,
2647,CUBE_STRUCTURE_ITEM,CUBE_STRUCTURE_ITEM__cube_variable_code__0,cube_variable_code,,,,,,,,,,,,
2648,CUBE_STRUCTURE_ITEM,CUBE_STRUCTURE_ITEM__role__0,role,,,,,,,,,,,,
2649,CUBE_STRUCTURE_ITEM,CUBE_STRUCTURE_ITEM__order__0,order,,,,,,,,,,,,
2650,CUBE_STRUCTURE_ITEM,CUBE_STRUCTURE_ITEM__dimension_type__0,dimension_type,,,,,,,,,,,,
2651,CUBE_STRUCTURE_ITEM,CUBE_STRUCTURE_ITEM__is_flow__0,is_flow,,,,,,,,,,,,
2652,CUBE_STRUCTURE_ITEM,CUBE_STRUCTURE_ITEM__is_mandatory__0,is_mandatory,,,,,,,,,,,,
2653,CUBE_STRUCTURE_ITEM,CUBE_STRUCTURE_ITEM__description__0,description,,,,,,,,,,,,
2654,CUBE_STRUCTURE_ITEM,CUBE_STRUCTURE_ITEM__is_implemented__0,is_implemented,,,,,,,,,,,,
2655,CUBE_STRUCTURE_ITEM,CUBE_STRUCTURE_ITEM__is_identifier__0,is_identifier,,,,,,,,,,,,
2656,CUBE,CUBE__cube_id__0,cube_id,,,,,,,,,,,,
2657,CUBE,CUBE__name__0,name,,,,,,,,,,,,
2658,CUBE,CUBE__code__0,code,,,,,,,,,,,,
2659,CUBE,CUBE__cube_type__0,cube_type,,,,,,,,,,,,
2660,CUBE,CUBE__is_allowed__0,is_allowed,,,,,,,,,,,,
2661,CUBE,CUBE__valid_from__0,valid_from,,,,,,,,,,,,
2662,CUBE,CUBE__valid_to__0,valid_to,,,,,,,,,,,,
2663,CUBE,CUBE__version__0,version,,,,,,,,,,,,
2664,CUBE,CUBE__description__0,description,,,,,,,,,,,,
2665,CUBE,CUBE__published__0,published,,,,,,,,,,,,
2666,CUBE,CUBE__dataset_url__0,dataset_url,,,,,,,,,,,,
2667,CUBE,CUBE__filters__0,filters,,,,,,,,,,,,
2668,CUBE,CUBE__di_export__0,di_export,,,,,,,,,,,,
2669,CUBE_LINK,CUBE_LINK__cube_link_id__0,cube_link_id,,,,,,,,,,,,
2670,CUBE_LINK,CUBE_LINK__code__0,code,,,,,,,,,,,,
2671,CUBE_LINK,CUBE_LINK__name__0,name,,,,,,,,,,,,
2672,CUBE_LINK,CUBE_LINK__description__0,description,,,,,,,,,,,,
2673,CUBE_LINK,CUBE_LINK__valid_from__0,valid_from,,,,,,,,,,,,
2674,CUBE_LINK,CUBE_LINK__valid_to__0,valid_to,,,,,,,,,,,,
2675,CUBE_LINK,CUBE_LINK__version__0,version,,,,,,,,,,,,
2676,CUBE_LINK,CUBE_LINK__order_relevance__0,order_relevance,,,,,,,,,,,,
2677,CUBE_LINK,CUBE_LINK__cube_link_type__0,cube_link_type,,,,,,,,,,,,
2678,CUBE_LINK,CUBE_LINK__join_identifier__0,join_identifier,,,,,,,,,,,,
2679,CUBE_STRUCTURE_ITEM_LINK,CUBE_STRUCTURE_ITEM_LINK__cube_structure_item_link_id__0,cube_structure_item_link_id,,,,,,,,,,,,
2680,COMBINATION,COMBINATION__combination_id__0,combination_id,,,,,,,,,,,,
2681,COMBINATION,COMBINATION__code__0,code,,,,,,,,,,,,
2682,COMBINATION,COMBINATION__name__0,name,,,,,,,,,,,,
2683,COMBINATION,COMBINATION__version__0,version,,,,,,,,,,,,
2684,COMBINATION,COMBINATION__valid_from__0,valid_from,,,,,,,,,,,,
2685,COMBINATION,COMBINATION__valid_to__0,valid_to,,,,,,,,,,,,
2686,COMBINATION_ITEM,COMBINATION_ITEM__id__0,id,,,,,,,,,,,,
2687,CUBE_TO_COMBINATION,CUBE_TO_COMBINATION__id__0,id,,,,,,,,,,,,
2688,MEMBER_LINK,MEMBER_LINK__id__0,id,,,,,,,,,,,,
2689,MEMBER_LINK,MEMBER_LINK__is_linked__0,is_linked,,,,,,,,,,,,
2690,MEMBER_LINK,MEMBER_LINK__valid_from__0,valid_from,,,,,,,,,,,,
2691,MEMBER_LINK,MEMBER_LINK__valid_to__0,valid_to,,,,,,,,,,,,
2692,TABLE_AMENDMENT,TABLE_AMENDMENT__amendment_id__0,amendment_id,,,,,,,,,,,,
2693,TABLE_AMENDMENT,TABLE_AMENDMENT__amendment_type__0,amendment_type,,,,,,,,,,,,
2694,TABLE_AMENDMENT,TABLE_AMENDMENT__name__0,name,,,,,,,,,,,,
2695,TABLE_AMENDMENT,TABLE_AMENDMENT__created_date__0,created_date,,,,,,,,,,,,
2696,TABLE_AMENDMENT,TABLE_AMENDMENT__modified_date__0,modified_date,,,,,,,,,,,,
2697,AutomodeConfiguration,AutomodeConfiguration__id__0,id,,,,,,,,,,,,
2698,AutomodeConfiguration,AutomodeConfiguration__framework__0,framework,,,,,,,,,,,,
2699,AutomodeConfiguration,AutomodeConfiguration__data_model_type__0,data_model_type,,,,,,,,,,,,
2700,AutomodeConfiguration,AutomodeConfiguration__technical_export_source__0,technical_export_source,,,,,,,,,,,,
2701,AutomodeConfiguration,AutomodeConfiguration__technical_export_github_url__0,technical_export_github_url,,,,,,,,,,,,
2702,AutomodeConfiguration,AutomodeConfiguration__config_files_source__0,config_files_source,,,,,,,,,,,,
2703,AutomodeConfiguration,AutomodeConfiguration__config_files_github_url__0,config_files_github_url,,,,,,,,,,,,
2704,AutomodeConfiguration,AutomodeConfiguration__test_suite_source__0,test_suite_source,,,,,,,,,,,,
2705,AutomodeConfiguration,AutomodeConfiguration__test_suite_github_url__0,test_suite_github_url,,,,,,,,,,,,
2706,AutomodeConfiguration,AutomodeConfiguration__bird_content_branch__0,bird_content_branch,,,,,,,,,,,,
2707,AutomodeConfiguration,AutomodeConfiguration__test_suite_branch__0,test_suite_branch,,,,,,,,,,,,
2708,AutomodeConfiguration,AutomodeConfiguration__when_to_stop__0,when_to_stop,,,,,,,,,,,,
2709,AutomodeConfiguration,AutomodeConfiguration__is_active__0,is_active,,,,,,,,,,,,
2710,AutomodeConfiguration,AutomodeConfiguration__created_at__0,created_at,,,,,,,,,,,,
2711,AutomodeConfiguration,AutomodeConfiguration__updated_at__0,updated_at,,,,,,,,,,,,
2712,WorkflowTaskExecution,WorkflowTaskExecution__id__0,id,,,,,,,,,,,,
2713,WorkflowTaskExecution,WorkflowTaskExecution__subtask_name__0,subtask_name,,,,,,,,,,,,
2714,WorkflowTaskExecution,WorkflowTaskExecution__operation_type__0,operation_type,,,,,,,,,,,,
2715,WorkflowTaskExecution,WorkflowTaskExecution__status__0,status,,,,,,,,,,,,
2716,WorkflowTaskExecution,WorkflowTaskExecution__started_at__0,started_at,,,,,,,,,,,,
2717,WorkflowTaskExecution,WorkflowTaskExecution__completed_at__0,completed_at,,,,,,,,,,,,
2718,WorkflowTaskExecution,WorkflowTaskExecution__created_at__0,created_at,,,,,,,,,,,,
2719,WorkflowTaskExecution,WorkflowTaskExecution__framework_id__0,framework_id,,,,,,,,,,,,
2720,WorkflowTaskExecution,WorkflowTaskExecution__review_status__0,review_status,,,,,,,,,,,,
2721,WorkflowTaskExecution,WorkflowTaskExecution__recovery_action__0,recovery_action,,,,,,,,,,,,
2722,WorkflowTaskDependency,WorkflowTaskDependency__id__0,id,,,,,,,,,,,,
2723,WorkflowTaskDependency,WorkflowTaskDependency__dependency_type__0,dependency_type,,,,,,,,,,,,
2724,WorkflowSession,WorkflowSession__id__0,id,,,,,,,,,,,,
2725,WorkflowSession,WorkflowSession__session_id__0,session_id,,,,,,,,,,,,
2726,WorkflowSession,WorkflowSession__created_at__0,created_at,,,,,,,,,,,,
2727,WorkflowSession,WorkflowSession__updated_at__0,updated_at,,,,,,,,,,,,
2728,WorkflowSession,WorkflowSession__framework_id__0,framework_id,,,,,,,,,,,,
2729,DPMProcessExecution,DPMProcessExecution__id__0,id,,,,,,,,,,,,
2730,DPMProcessExecution,DPMProcessExecution__step_name__0,step_name,,,,,,,,,,,,
2731,DPMProcessExecution,DPMProcessExecution__status__0,status,,,,,,,,,,,,
2732,DPMProcessExecution,DPMProcessExecution__started_at__0,started_at,,,,,,,,,,,,
2733,DPMProcessExecution,DPMProcessExecution__completed_at__0,completed_at,,,,,,,,,,,,
2734,DPMProcessExecution,DPMProcessExecution__created_at__0,created_at,,,,,,,,,,,,
2735,DPMProcessExecution,DPMProcessExecution__framework_id__0,framework_id,,,,,,,,,,,,
2736,AnaCreditProcessExecution,AnaCreditProcessExecution__id__0,id,,,,,,,,,,,,
2737,AnaCreditProcessExecution,AnaCreditProcessExecution__step_name__0,step_name,,,,,,,,,,,,
2738,AnaCreditProcessExecution,AnaCreditProcessExecution__status__0,status,,,,,,,,,,,,
2739,AnaCreditProcessExecution,AnaCreditProcessExecution__started_at__0,started_at,,,,,,,,,,,,
2740,AnaCreditProcessExecution,AnaCreditProcessExecution__completed_at__0,completed_at,,,,,,,,,,,,
2741,AnaCreditProcessExecution,AnaCreditProcessExecution__created_at__0,created_at,,,,,,,,,,,,
2742,AnaCreditProcessExecution,AnaCreditProcessExecution__framework_id__0,framework_id,,,,,,,,,,,,
2743,AnaCreditProcessExecution,AnaCreditProcessExecution__joins_metadata_approved__0,joins_metadata_approved,,,,,,,,,,,,
2744,AnaCreditProcessExecution,AnaCreditProcessExecution__execution_code_approved__0,execution_code_approved,,,,,,,,,,,,
2745,FrameworkTestSuite,FrameworkTestSuite__id__0,id,,,,,,,,,,,,
2746,FrameworkTestSuite,FrameworkTestSuite__framework_id__0,framework_id,,,,,,,,,,,,
2747,FrameworkTestSuite,FrameworkTestSuite__test_suite_name__0,test_suite_name,,,,,,,,,,,,
2748,FrameworkTestSuite,FrameworkTestSuite__test_config_path__0,test_config_path,,,,,,,,,,,,
2749,FrameworkTestSuite,FrameworkTestSuite__is_active__0,is_active,,,,,,,,,,,,
2750,FrameworkTestSuite,FrameworkTestSuite__created_at__0,created_at,,,,,,,,,,,,
2751,FrameworkTestSuite,FrameworkTestSuite__updated_at__0,updated_at,,,,,,,,,,,,
2752,FrameworkTestSuite,FrameworkTestSuite__last_execution_date__0,last_execution_date,,,,,,,,,,,,
2753,FrameworkTestSuite,FrameworkTestSuite__last_execution_status__0,last_execution_status,,,,,,,,,,,,
2754,DatabaseTable,DatabaseTable__id__0,id,,,,,,,,,,,,
2755,DatabaseTable,DatabaseTable__name__0,name,,,,,,,,,,,,
2756,DerivedTable,DerivedTable__id__0,id,,,,,,,,,,,,
2757,DerivedTable,DerivedTable__name__0,name,,,,,,,,,,,,
2758,DatabaseField,DatabaseField__id__0,id,,,,,,,,,,,,
2759,DatabaseField,DatabaseField__name__0,name,,,,,,,,,,,,
2760,Function,Function__id__0,id,,,,,,,,,,,,
2761,Function,Function__name__0,name,,,,,,,,,,,,
2762,DatabaseRow,DatabaseRow__id__0,id,,,,,,,,,,,,
2763,DatabaseRow,DatabaseRow__row_identifier__0,row_identifier,,,,,,,,,,,,
2764,DerivedTableRow,DerivedTableRow__id__0,id,,,,,,,,,,,,
2765,DerivedTableRow,DerivedTableRow__row_identifier__0,row_identifier,,,,,,,,,,,,
2766,DatabaseColumnValue,DatabaseColumnValue__id__0,id,,,,,,,,,,,,
2767,DatabaseColumnValue,DatabaseColumnValue__value__0,value,,,,,,,,,,,,
2768,EvaluatedFunction,EvaluatedFunction__id__0,id,,,,,,,,,,,,
2769,EvaluatedFunction,EvaluatedFunction__value__0,value,,,,,,,,,,,,
2770,Trail,Trail__id__0,id,,,,,,,,,,,,
2771,Trail,Trail__name__0,name,,,,,,,,,,,,
2772,Trail,Trail__created_at__0,created_at,,,,,,,,,,,,
2773,MetaDataTrail,MetaDataTrail__id__0,id,,,,,,,,,,,,
2774,PopulatedDataBaseTable,PopulatedDataBaseTable__id__0,id,,,,,,,,,,,,
2775,EvaluatedDerivedTable,EvaluatedDerivedTable__id__0,id,,,,,,,,,,,,
2776,FunctionText,FunctionText__id__0,id,,,,,,,,,,,,
2777,FunctionText,FunctionText__language__0,language,,,,,,,,,,,,
2778,TableCreationFunction,TableCreationFunction__id__0,id,,,,,,,,,,,,
2779,TableCreationFunction,TableCreationFunction__name__0,name,,,,,,,,,,,,
2780,AortaTableReference,AortaTableReference__id__0,id,,,,,,,,,,,,
2781,AortaTableReference,AortaTableReference__table_content_type__0,table_content_type,,,,,,,,,,,,
2782,FunctionColumnReference,FunctionColumnReference__id__0,id,,,,,,,,,,,,
2783,FunctionColumnReference,FunctionColumnReference__dependency_string__0,dependency_string,,,,,,,,,,,,
2784,DerivedRowSourceReference,DerivedRowSourceReference__id__0,id,,,,,,,,,,,,
2785,EvaluatedFunctionSourceValue,EvaluatedFunctionSourceValue__id__0,id,,,,,,,,,,,,
2786,TableCreationSourceTable,TableCreationSourceTable__id__0,id,,,,,,,,,,,,
2787,TableCreationFunctionColumn,TableCreationFunctionColumn__id__0,id,,,,,,,,,,,,
2788,CalculationUsedRow,CalculationUsedRow__id__0,id,,,,,,,,,,,,
2789,CalculationUsedRow,CalculationUsedRow__calculation_name__0,calculation_name,,,,,,,,,,,,
2790,CalculationUsedField,CalculationUsedField__id__0,id,,,,,,,,,,,,
2791,CalculationUsedField,CalculationUsedField__calculation_name__0,calculation_name,,,,,,,,,,,,
2792,TransformationStep,TransformationStep__id__0,id,,,,,,,,,,,,
2793,TransformationStep,TransformationStep__step_type__0,step_type,,,,,,,,,,,,
2794,TransformationStep,TransformationStep__step_name__0,step_name,,,,,,,,,,,,
2795,TransformationStep,TransformationStep__started_at__0,started_at,,,,,,,,,,,,
2796,TransformationStep,TransformationStep__completed_at__0,completed_at,,,,,,,,,,,,
2797,TransformationStepInput,TransformationStepInput__id__0,id,,,,,,,,,,,,
2798,TransformationStepOutput,TransformationStepOutput__id__0,id,,,,,,,,,,,,
2799,CalculationChain,CalculationChain__id__0,id,,,,,,,,,,,,
2800,CalculationChain,CalculationChain__chain_name__0,chain_name,,,,,,,,,,,,
2801,CalculationChain,CalculationChain__final_value__0,final_value,,,,,,,,,,,,
2802,CalculationChain,CalculationChain__output_cell_name__0,output_cell_name,,,,,,,,,,,,
2803,CalculationChain,CalculationChain__output_table__0,output_table,,,,,,,,,,,,
2804,CalculationChain,CalculationChain__output_row_key__0,output_row_key,,,,,,,,,,,,
2805,CalculationChain,CalculationChain__output_column__0,output_column,,,,,,,,,,,,
2806,CalculationChain,CalculationChain__started_at__0,started_at,,,,,,,,,,,,
2807,CalculationChain,CalculationChain__completed_at__0,completed_at,,,,,,,,,,,,
2808,CalculationChainStep,CalculationChainStep__id__0,id,,,,,,,,,,,,
2809,DataFlowEdge,DataFlowEdge__id__0,id,,,,,,,,,,,,
2810,DataFlowEdge,DataFlowEdge__source_label__0,source_label,,,,,,,,,,,,
2811,DataFlowEdge,DataFlowEdge__target_label__0,target_label,,,,,,,,,,,,
2812,DataFlowEdge,DataFlowEdge__flow_type__0,flow_type,,,,,,,,,,,,
2813,DataFlowEdge,DataFlowEdge__value_sum__0,value_sum,,,,,,,,,,,,
2814,CellLineage,CellLineage__id__0,id,,,,,,,,,,,,
2815,CellLineage,CellLineage__report_template__0,report_template,,,,,,,,,,,,
2816,CellLineage,CellLineage__framework__0,framework,,,,,,,,,,,,
2817,CellLineage,CellLineage__cell_code__0,cell_code,,,,,,,,,,,,
2818,CellLineage,CellLineage__row_key__0,row_key,,,,,,,,,,,,
2819,CellLineage,CellLineage__column_key__0,column_key,,,,,,,,,,,,
2820,CellLineage,CellLineage__computed_value__0,computed_value,,,,,,,,,,,,
2821,CellSourceRow,CellSourceRow__id__0,id,,,,,,,,,,,,
2822,CellSourceRow,CellSourceRow__contribution_type__0,contribution_type,,,,,,,,,,,,
2823,CellSourceRow,CellSourceRow__contributed_value__0,contributed_value,,,,,,,,,,,,
2824,LineageSummaryCache,LineageSummaryCache__id__0,id,,,,,,,,,,,,
2825,LineageSummaryCache,LineageSummaryCache__avg_chain_length__0,avg_chain_length,,,,,,,,,,,,
2826,LineageSummaryCache,LineageSummaryCache__generated_at__0,generated_at,,,,,,,,,,,,
2827,LineageSummaryCache,LineageSummaryCache__is_stale__0,is_stale,,,,,,,,,,,,
2828,Task,Task__id__0,id,,,,,,,,,,,,
2829,Task,Task__invisible__0,invisible,,,,,,,,,,,,
2830,Task,Task__name__0,name,,,,,,,,,,,,
2831,ExclusiveGateway,ExclusiveGateway__id__0,id,,,,,,,,,,,,
2832,ExclusiveGateway,ExclusiveGateway__invisible__0,invisible,,,,,,,,,,,,
2833,ExclusiveGateway,ExclusiveGateway__name__0,name,,,,,,,,,,,,
2834,InclusiveGateway,InclusiveGateway__id__0,id,,,,,,,,,,,,
2835,InclusiveGateway,InclusiveGateway__invisible__0,invisible,,,,,,,,,,,,
2836,InclusiveGateway,InclusiveGateway__name__0,name,,,,,,,,,,,,
2837,ParallelGateway,ParallelGateway__id__0,id,,,,,,,,,,,,
2838,ParallelGateway,ParallelGateway__invisible__0,invisible,,,,,,,,,,,,
2839,ParallelGateway,ParallelGateway__name__0,name,,,,,,,,,,,,
2840,SequenceFlow,SequenceFlow__id__0,id,,,,,,,,,,,,
2841,SequenceFlow,SequenceFlow__invisible__0,invisible,,,,,,,,,,,,
2842,SequenceFlow,SequenceFlow__name__0,name,,,,,,,,,,,,
2843,DataConstraint,DataConstraint__id__0,id,,,,,,,,,,,,
2844,DataConstraint,DataConstraint__attr1_reference__0,attr1_reference,,,,,,,,,,,,
2845,DataConstraint,DataConstraint__comparison__0,comparison,,,,,,,,,,,,
2846,DataConstraint,DataConstraint__member_reference__0,member_reference,,,,,,,,,,,,
2847,DataConstraint,DataConstraint__value__0,value,,,,,,,,,,,,
2848,Scenario,Scenario__name__0,name,,,,,,,,,,,,
2849,Scenario,Scenario__invisible__0,invisible,,,,,,,,,,,,
2850,ServiceTask,ServiceTask__id__0,id,,,,,,,,,,,,
2851,ServiceTask,ServiceTask__invisible__0,invisible,,,,,,,,,,,,
2852,ServiceTask,ServiceTask__name__0,name,,,,,,,,,,,,
2853,ServiceTask,ServiceTask__enriched_attribute_reference__0,enriched_attribute_reference,,,,,,,,,,,,
2854,ServiceTask,ServiceTask__second_attribute_reference__0,second_attribute_reference,,,,,,,,,,,,
2855,ServiceTask,ServiceTask__entity_creation_task__0,entity_creation_task,,,,,,,,,,,,
2856,ServiceTaskScenario,ServiceTaskScenario__id__0,id,,,,,,,,,,,,
2857,SelectionLayer,SelectionLayer__name__0,name,,,,,,,,,,,,
2858,SelectionLayer,SelectionLayer__invisible__0,invisible,,,,,,,,,,,,
2859,SelectionLayer,SelectionLayer__generated_entity_reference__0,generated_entity_reference,,,,,,,,,,,,
2860,ScriptTask,ScriptTask__id__0,id,,,,,,,,,,,,
2861,ScriptTask,ScriptTask__invisible__0,invisible,,,,,,,,,,,,
2862,ScriptTask,ScriptTask__name__0,name,,,,,,,,,,,,
2863,ScriptTask,ScriptTask__output_layer_reference__0,output_layer_reference,,,,,,,,,,,,
2864,ScriptTaskSelectionLayer,ScriptTaskSelectionLayer__id__0,id,,,,,,,,,,,,
2865,UserTask,UserTask__id__0,id,,,,,,,,,,,,
2866,UserTask,UserTask__invisible__0,invisible,,,,,,,,,,,,
2867,UserTask,UserTask__name__0,name,,,,,,,,,,,,
2868,UserTask,UserTask__entity_reference__0,entity_reference,,,,,,,,,,,,
2869,SubProcess,SubProcess__id__0,id,,,,,,,,,,,,
2870,SubProcess,SubProcess__invisible__0,invisible,,,,,,,,,,,,
2871,SubProcess,SubProcess__name__0,name,,,,,,,,,,,,
2872,SubProcessFlowElement,SubProcessFlowElement__id__0,id,,,,,,,,,,,,
2873,SubProcessFlowElement,SubProcessFlowElement__flow_element_type__0,flow_element_type,,,,,,,,,,,,
2874,SubProcessFlowElement,SubProcessFlowElement__flow_element_id__0,flow_element_id,,,,,,,,,,,,
2875,ActivityTag,ActivityTag__display_name__0,display_name,,,,,,,,,,,,
2876,ActivityTag,ActivityTag__name__0,name,,,,,,,,,,,,
2877,ScenarioTag,ScenarioTag__display_name__0,display_name,,,,,,,,,,,,
2878,ScenarioTag,ScenarioTag__name__0,name,,,,,,,,,,,,
2879,WorkflowModule,WorkflowModule__module_name__0,module_name,,,,,,,,,,,,
2880,WorkflowModule,WorkflowModule__module_id__0,module_id,,,,,,,,,,,,
2881,WorkflowModuleContent,WorkflowModuleContent__id__0,id,,,,,,,,,,,,
2882,WorkflowModuleContent,WorkflowModuleContent__content_type__0,content_type,,,,,,,,,,,,
2883,WorkflowModuleContent,WorkflowModuleContent__content_id__0,content_id,,,,,,,,,,,,
2884,RequirementType,RequirementType__name__0,name,,,,,,,,,,,,
2885,AllowedTypesItem,AllowedTypesItem__id__0,id,,,,,,,,,,,,
2886,RequirementsSection,RequirementsSection__name__0,name,,,,,,,,,,,,
2887,RequirementsSection,RequirementsSection__section_type__0,section_type,,,,,,,,,,,,
2888,RequirementsSectionImage,RequirementsSectionImage__style__0,style,,,,,,,,,,,,
2889,RequirementsSectionImage,RequirementsSectionImage__uri__0,uri,,,,,,,,,,,,
2890,TitledRequirementsSection,TitledRequirementsSection__title__0,title,,,,,,,,,,,,
2891,TitledRequirementsSectionContent,TitledRequirementsSectionContent__id__0,id,,,,,,,,,,,,
2892,RequirementsSectionLinkWithText,RequirementsSectionLinkWithText__link_text__0,link_text,,,,,,,,,,,,
2893,RequirementsSectionLinkWithText,RequirementsSectionLinkWithText__subsection__0,subsection,,,,,,,,,,,,
2894,Tag,Tag__name__0,name,,,,,,,,,,,,
2895,Tag,Tag__display_name__0,display_name,,,,,,,,,,,,
2896,TagRequirement,TagRequirement__id__0,id,,,,,,,,,,,,
2897,TagGroup,TagGroup__module_name__0,module_name,,,,,,,,,,,,
2898,TagGroup,TagGroup__module_id__0,module_id,,,,,,,,,,,,
2899,TagGroupItem,TagGroupItem__id__0,id,,,,,,,,,,,,
2900,RequirementsModule,RequirementsModule__module_name__0,module_name,,,,,,,,,,,,
2901,RequirementsModule,RequirementsModule__module_id__0,module_id,,,,,,,,,,,,
2902,RequirementsModuleRule,RequirementsModuleRule__id__0,id,,,,,,,,,,,,
2903,ANCRDT_ENTTY_C_1,CTY,CTY,O,7,STRNG_LTN_EXT_255,,,,,,,,,
2904,ANCRDT_ENTTY_C_1,LEI,LEI,O,16,STRNG_PTTRN_LEI,,,,,,,,,
2905,ANCRDT_ENTTY_C_1,STRT,STRT,O,22,STRNG_LTN_EXT_255,,,,,,,,,
2906,ANCRDT_ENTTY_C_1,CNTRY,CNTRY,O,6,ISO3166_DSJNT_S_STGNG,,,,,,,,,
2907,ANCRDT_FNNCL_C_1,ARRRS,ARRRS,O,10,MNTRY_NN_NGTV_2D,,,,,,,,,
2908,ANCRDT_ENTTY_RSK_C_1,PD,PD,O,4,RL_0TO1_6D,,,,,,,,,
2909,ANCRDT_ENTTY_C_1,PSTL_CD,PSTL_CD,O,21,STRNG_LTN_EXT_255,,,,,,,,,
2910,ANCRDT_ENTTY_C_1,LGL_FRM,LGL_FRM,O,17,LGL_FRM_RIAD_ANCRDT,,,,,,,,,
2911,ANCRDT_INSTRMNT_C_1,RCRS,RCRS,O,21,RCRS_ANCRDT_CLLCTN,,,,,,,,,
2912,ANCRDT_INSTRMNT_C_1,PRPS,PRPS,O,20,PRPS_ANCRDT_CLLCTN,,,,,,,,,
2913,ANCRDT_ENTTY_C_1,ENTTY_CD,ENTTY_CD,O,12,STRNG_RSTRCTD_ID_50,,,,,,,,,
2914,ANCRDT_FNNCL_C_1,DT_RFRNC,DT_RFRNC,D,2,DT_END_MNTH_YYYY_MM_DD,,,,,,,,,
2915,ANCRDT_INSTRMNT_C_1,FDCRY,FDCRY,O,8,FDCRY_ANCRDT_CLLCTN,,,,,,,,,
2916,ANCRDT_ENTTY_C_1,DT_RFRNC,DT_RFRNC,D,1,DT_END_MNTH_YYYY_MM_DD,,,,,,,,,
2917,ANCRDT_FNNCL_C_1,DT_PST_D,DT_PST_D,O,11,DT_FLL_YYYY_MM_DD,,,,,,,,,
2918,ANCRDT_ENTTY_C_1,NM_ENTTY,NM_ENTTY,O,19,STRNG_LTN_EXT_255,,,,,,,,,
2919,ANCRDT_FNNCL_C_1,CNTRCT_ID,CNTRCT_ID,D,3,STRNG_RSTRCTD_ID_60,,,,,,,,,
2920,ANCRDT_FNNCL_C_1,DFLT_STTS,DFLT_STTS,O,7,CRDT_QLTY_DFLT_STTS_ANCRDT_CLLCTN,,,,,,,,,
2921,ANCRDT_FNNCL_C_1,NEVS_ARRRS,NEVS,A,111,NEVS_CLLCTN_WTHT_NA,,,,,,,,,
2922,ANCRDT_ENTTY_C_1,TRRTRL_UNT,TRRTRL_UNT,O,23,NUTS3_ANCRDT,,,,,,,,,
2923,ANCRDT_ENTTY_C_1,ENTRPRS_SZ,ENTRPRS_SZ,O,11,SZ_ANCRDT_STGNG,,,,,,,,,
2924,ANCRDT_ENTTY_C_1,ANNL_TRNVR,ANNL_TRNVR,O,4,MNTRY_NN_NGTV_2D,,,,,,,,,
2925,ANCRDT_ACCNTNG_C_1,DT_RFRNC,DT_RFRNC,D,2,DT_END_QRTR_YYYY_MM_DD,,,,,,,,,
2926,ANCRDT_ENTTY_RSK_C_1,NEVS_PD,NEVS,A,105,NEVS_CLLCTN_WTHT_NA,,,,,,,,,
2927,ANCRDT_FNNCL_C_1,TYP_SCRTSTN,TYP_SCRTSTN,O,12,TYP_TRNSFR_ANCRDT_CLLCTN,,,,,,,,,
2928,ANCRDT_ACCNTNG_C_1,CNTRCT_ID,CNTRCT_ID,D,3,STRNG_RSTRCTD_ID_60,,,,,,,,,
2929,ANCRDT_FNNCL_C_1,INSTRMNT_ID,INSTRMNT_ID,D,4,STRNG_RSTRCTD_ID_60,,,,,,,,,
2930,ANCRDT_INSTRMNT_C_1,RFRNC_RT,RFRNC_RT,O,22,RFRNC_RT_ANCRDT_CLLCTN,,,,,,,,,
2931,ANCRDT_INSTRMNT_C_1,DT_RFRNC,DT_RFRNC,D,2,DT_END_MNTH_YYYY_MM_DD,,,,,,,,,
2932,ANCRDT_ENTTY_C_1,NMBR_EMPLYS,NMBR_EMPLYS,O,20,RL_NN_NGTV_2D,,,,,,,,,
2933,ANCRDT_INSTRMNT_C_1,CNTRCT_ID,CNTRCT_ID,D,3,STRNG_RSTRCTD_ID_60,,,,,,,,,
2934,ANCRDT_FNNCL_C_1,ACCRD_INTRST,ACCRD_INTRST,O,14,MNTRY_ALL_2D,,,,,,,,,
2935,ANCRDT_INSTRMNT_C_1,NEVS_RCRS,NEVS,A,117,NEVS_CLLCTN_WTHT_NA,,,,,,,,,
2936,ANCRDT_FNNCL_C_1,DT_DFLT_STTS,DT_DFLT_STTS,O,8,DT_FLL_YYYY_MM_DD,,,,,,,,,
2937,ANCRDT_JNT_LBLTS_C_1,DT_RFRNC,DT_RFRNC,D,2,DT_END_MNTH_YYYY_MM_DD,,,,,,,,,
2938,ANCRDT_INSTRMNT_C_1,NEVS_PRPS,NEVS,A,116,NEVS_CLLCTN_WTHT_NA,,,,,,,,,
2939,ANCRDT_ENTTY_C_1,BLNC_SHT_TTL,BLNC_SHT_TTL,O,5,MNTRY_NN_NGTV_2D,,,,,,,,,
2940,ANCRDT_INSTRMNT_C_1,DT_INCPTN,DT_INCPTN,O,9,DT_FLL_YYYY_MM_DD,,,,,,,,,
2941,ANCRDT_ENTTY_RSK_C_1,DT_RFRNC,DT_RFRNC,D,2,DT_END_MNTH_YYYY_MM_DD,,,,,,,,,
2942,ANCRDT_FNNCL_C_1,NEVS_DT_PST_D,NEVS,A,108,NEVS_CLLCTN,,,,,,,,,
2943,ANCRDT_ENTTY_C_1,DT_ENTRPRS_SZ,DT_ENTRPRS_SZ,O,8,DT_FLL_YYYYMMDD,,,,,,,,,
2944,ANCRDT_ENTTY_DFLT_C_1,DT_RFRNC,DT_RFRNC,D,2,DT_END_MNTH_YYYY_MM_DD,,,,,,,,,
2945,ANCRDT_ACCNTNG_C_1,FRBRNC_STTS,FRBRNC_STTS,O,16,FRBRNC_STTS_ANCRDT_CLLCTN,,,,,,,,,
2946,ANCRDT_ENTTY_C_1,INSTTTNL_SCTR,INSTTTNL_SCTR,O,15,INSTTTNL_SCTR_ANCRDT_ENTTY_C,,,,,,,,,
2947,ANCRDT_INSTRMNT_C_1,DT_STTLMNT,DT_STTLMNT,O,23,DT_FLL_YYYY_MM_DD,,,,,,,,,
2948,ANCRDT_ENTTY_C_1,ENTTY_RIAD_CD,ENTTY_RIAD_CD,D,2,STRNG_RSTRCTD_ID_50,,,,,,,,,
2949,ANCRDT_FNNCL_C_1,TRNSFRRD_AMNT,TRNSFRRD_AMNT,O,9,MNTRY_NN_NGTV_2D,,,,,,,,,
2950,ANCRDT_JNT_LBLTS_C_1,CNTRCT_ID,CNTRCT_ID,D,4,STRNG_RSTRCTD_ID_60,,,,,,,,,
2951,ANCRDT_INSTRMNT_C_1,NEVS_FDCRY,NEVS,A,109,NEVS_CLLCTN_WTHT_NA,,,,,,,,,
2952,ANCRDT_ACCNTNG_C_1,INSTRMNT_ID,INSTRMNT_ID,D,4,STRNG_RSTRCTD_ID_60,,,,,,,,,
2953,ANCRDT_ACCNTNG_C_1,RCGNTN_STTS,RCGNTN_STTS,O,6,RCGNTN_STTS_ANCRDT_CLLCTN,,,,,,,,,
2954,ANCRDT_ACCNTNG_C_1,CRRYNG_AMNT,CRRYNG_AMNT,O,20,MNTRY_ALL_2D,,,,,,,,,
2955,ANCRDT_FNNCL_C_1,ANNLSD_AGRD_RT,ANNLSD_AGRD_RT,O,5,RL_ALL_6D,,,,,,,,,
2956,ANCRDT_ACCNTNG_C_1,SRC_ENCMBRNC,SRC_ENCMBRNC,O,11,SRC_ENCMBRNC_ANCRDT_CLLCTN,,,,,,,,,
2957,ANCRDT_INSTRMNT_C_1,TYP_AMRTSTN,TYP_AMRTSTN,O,6,TYP_AMRTSTN_ANCRDT_CLLCTN,,,,,,,,,
2958,ANCRDT_INSTRMNT_C_1,INSTRMNT_ID,INSTRMNT_ID,D,4,STRNG_RSTRCTD_ID_60,,,,,,,,,
2959,ANCRDT_PRTCTN_RCVD_C_1,DT_RFRNC,DT_RFRNC,D,2,DT_END_MNTH_YYYY_MM_DD,,,,,,,,,
2960,ANCRDT_ACCNTNG_C_1,IMPRMNT_STTS,IMPRMNT_STTS,O,9,CRDT_QLTY_IMPRMNT_STTS_ANCRDT_CLLCTN,,,,,,,,,
2961,ANCRDT_ACCNTNG_C_1,PRFRMNG_STTS,PRFRMNG_STTS,O,13,CRDT_QLTY_PRFRMNG_STTS_ANCRDT_CLLCTN,,,,,,,,,
2962,ANCRDT_FNNCL_C_1,OBSRVD_AGNT_CD,OBSRVD_AGNT_CD,D,1,STRNG_RSTRCTD_ID_50,,,,,,,,,
2963,ANCRDT_INSTRMNT_C_1,SBRDNTD_DBT,SBRDNTD_DBT,O,24,SBRDNTD_DBT_ANCRDT_CLLCTN,,,,,,,,,
2964,ANCRDT_ACCNTNG_C_1,PRDNTL_PRTFL,PRDNTL_PRTFL,O,19,PRDNTL_PRTFL_ANCRDT_CLLCTN,,,,,,,,,
2965,ANCRDT_ENTTY_DFLT_C_1,DFLT_STTS,DFLT_STTS,O,5,CRDT_QLTY_DFLT_STTS_ANCRDT_CLLCTN,,,,,,,,,
2966,ANCRDT_FNNCL_C_1,NEVS_DFLT_STTS,NEVS,A,105,NEVS_CLLCTN,,,,,,,,,
2967,ANCRDT_INSTRMNT_C_1,INTRST_RT_CP,INTRST_RT_CP,O,11,RL_ALL_6D,,,,,,,,,
2968,ANCRDT_PRTCTN_RCVD_C_1,PRTCTN_ID,PRTCTN_ID,D,3,STRNG_RSTRCTD_ID_60,,,,,,,,,
2969,ANCRDT_INSTRMNT_C_1,RPYMNT_RGHTS,RPYMNT_RGHTS,O,26,RPYMNT_RGHTS_ANCRDT_CLLCTN,,,,,,,,,
2970,ANCRDT_INSTRMNT_C_1,TYP_INSTRMNT,TYP_INSTRMNT,O,5,TYP_INSTRMNT_ANCRDT_CLLCTN,,,,,,,,,
2971,ANCRDT_ENTTY_C_1,ECNMC_ACTVTY_V2,ECNMC_ACTVTY_V2,O,10,NACE_LVLS2TO4_STGNG_V2,,,,,,,,,
2972,ANCRDT_ENTTY_C_1,LGL_PRCDNG_STTS,LGL_PRCDNG_STTS,O,18,LGL_PRCDNG_STTS_ANCRDT_STGNG,,,,,,,,,
2973,ANCRDT_INSTRMNT_C_1,PYMNT_FRQNCY,PYMNT_FRQNCY,O,18,FRQNCY_PYMNT_ANCRDT_CLLCTN,,,,,,,,,
2974,ANCRDT_PRTCTN_RCVD_C_1,PRTCTN_VL,PRTCTN_VL,O,6,MNTRY_NN_NGTV_2D,,,,,,,,,
2975,ANCRDT_JNT_LBLTS_C_1,INSTRMNT_ID,INSTRMNT_ID,D,5,STRNG_RSTRCTD_ID_60,,,,,,,,,
2976,ANCRDT_ACCNTNG_C_1,DT_FRBRNC_STTS,DT_FRBRNC_STTS,O,17,DT_FLL_YYYY_MM_DD,,,,,,,,,
2977,ANCRDT_PRTCTN_RCVD_C_1,RECL_CNTRY,RECL_CNTRY,O,10,ISO3166_DSJNT_C_CLLCTN,,,,,,,,,
2978,ANCRDT_FNNCL_C_1,NEVS_TYP_SCRTSTN,NEVS,A,115,NEVS_CLLCTN_WTHT_NA,,,,,,,,,
2979,ANCRDT_ACCNTNG_C_1,ACCMLTD_WRTFFS,ACCMLTD_WRTFFS,O,7,MNTRY_NN_NGTV_2D,,,,,,,,,
2980,ANCRDT_INSTRMNT_C_1,PRJCT_FNNC_LN,PRJCT_FNNC_LN,O,19,PRJCT_FNNC_LN_ANCRDT_CLLCTN,,,,,,,,,
2981,ANCRDT_INSTRMNT_C_1,NEVS_RFRNC_RT,NEVS,A,118,NEVS_CLLCTN,,,,,,,,,
2982,ANCRDT_PRTCTN_RCVD_C_1,TYP_PRTCTN,TYP_PRTCTN,O,5,TYP_PRTCTN_ANCRDT_CLLCTN,,,,,,,,,
2983,ANCRDT_ACCNTNG_C_1,OBSRVD_AGNT_CD,OBSRVD_AGNT_CD,D,1,STRNG_RSTRCTD_ID_50,,,,,,,,,
2984,ANCRDT_INSTRMNT_C_1,TYP_INTRST_RT,TYP_INTRST_RT,O,15,TYP_INTRST_RT_ANCRDT_CLLCTN,,,,,,,,,
2985,ANCRDT_INSTRMNT_C_1,CRRNCY_DNMNTN,CRRNCY_DNMNTN,O,7,ISO4217,,,,,,,,,
2986,ANCRDT_INSTRMNT_C_1,INTRST_RT_FLR,INTRST_RT_FLR,O,12,RL_ALL_6D,,,,,,,,,
2987,ANCRDT_ENTTY_RSK_C_1,ENTTY_RIAD_CD,ENTTY_RIAD_CD,D,3,STRNG_RSTRCTD_ID_50,,,,,,,,,
2988,ANCRDT_ENTTY_C_1,ACCNTNG_FRMWRK_SL,ACCNTNG_FRMWRK_SL,O,3,ACCNTNG_FRMWRK_ANCRDT_STGNG,,,,,,,,,
2989,ANCRDT_ENTTY_INSTRMNT_C_1,DT_RFRNC,DT_RFRNC,D,2,DT_END_MNTH_YYYY_MM_DD,,,,,,,,,
2990,ANCRDT_INSTRMNT_C_1,OBSRVD_AGNT_CD,OBSRVD_AGNT_CD,D,1,STRNG_RSTRCTD_ID_50,,,,,,,,,
2991,ANCRDT_INSTRMNT_C_1,INTRST_RT_SPRD,INTRST_RT_SPRD,O,14,RL_ALL_6D,,,,,,,,,
2992,ANCRDT_ACCNTNG_C_1,ACCMLTD_IMPRMNT,ACCMLTD_IMPRMNT,O,8,MNTRY_NN_NGTV_2D,,,,,,,,,
2993,ANCRDT_INSTRMNT_C_1,NEVS_DT_INCPTN,NEVS,A,107,NEVS_CLLCTN_WTHT_NA,,,,,,,,,
2994,ANCRDT_INSTRMNT_C_1,CMMTMNT_INCPTN,CMMTMNT_INCPTN,O,17,MNTRY_NN_NGTV_2D,,,,,,,,,
2995,ANCRDT_JNT_LBLTS_C_1,ENTTY_RIAD_CD,ENTTY_RIAD_CD,D,3,STRNG_RSTRCTD_ID_50,,,,,,,,,
2996,ANCRDT_FNNCL_C_1,NEVS_DT_DFLT_STTS,NEVS,A,106,NEVS_CLLCTN,,,,,,,,,
2997,ANCRDT_ENTTY_INSTRMNT_C_1,ENTTY_RL,ENTTY_RL,D,6,ENTTY_RL_ANCRDT,,,,,,,,,
2998,ANCRDT_ACCNTNG_C_1,DT_PRFRMNG_STTS,DT_PRFRMNG_STTS,O,14,DT_FLL_YYYY_MM_DD,,,,,,,,,
2999,ANCRDT_FNNCL_C_1,OFF_BLNC_SHT_AMNT,OFF_BLNC_SHT_AMNT,O,15,MNTRY_NN_NGTV_2D,,,,,,,,,
3000,ANCRDT_FNNCL_C_1,NEVS_ACCRD_INTRST,NEVS,A,112,NEVS_CLLCTN,,,,,,,,,
3001,ANCRDT_ENTTY_DFLT_C_1,DT_DFLT_STTS,DT_DFLT_STTS,O,6,DT_FLL_YYYY_MM_DD,,,,,,,,,
3002,ANCRDT_ENTTY_DFLT_C_1,ENTTY_RIAD_CD,ENTTY_RIAD_CD,D,3,STRNG_RSTRCTD_ID_50,,,,,,,,,
3003,ANCRDT_ACCNTNG_C_1,NEVS_CRRYNG_AMNT,NEVS,A,113,NEVS_CLLCTN,,,,,,,,,
3004,ANCRDT_FNNCL_C_1,OTSTNDNG_NMNL_AMNT,OTSTNDNG_NMNL_AMNT,O,13,MNTRY_NN_NGTV_2D,,,,,,,,,
3005,ANCRDT_ACCNTNG_C_1,NEVS_RCGNTN_STTS,NEVS,A,119,NEVS_CLLCTN_WTHT_NA,,,,,,,,,
3006,ANCRDT_ENTTY_RSK_C_1,OBSRVD_AGNT_CD,OBSRVD_AGNT_CD,D,1,STRNG_RSTRCTD_ID_50,,,,,,,,,
3007,ANCRDT_JNT_LBLTS_C_1,OBSRVD_AGNT_CD,OBSRVD_AGNT_CD,D,1,STRNG_RSTRCTD_ID_50,,,,,,,,,
3008,ANCRDT_PRTCTN_RCVD_C_1,RECL_PSTL_CD,RECL_PSTL_CD,O,12,STRNG_LTN_EXT_255,,,,,,,,,
3009,ANCRDT_PRTCTN_RCVD_C_1,DT_PRTCTN_VL,DT_PRTCTN_VL,O,13,DT_FLL_YYYY_MM_DD,,,,,,,,,
3010,ANCRDT_ENTTY_INSTRMNT_C_1,CNTRCT_ID,CNTRCT_ID,D,4,STRNG_RSTRCTD_ID_60,,,,,,,,,
3011,ANCRDT_FNNCL_C_1,NEVS_TRNSFRRD_AMNT,NEVS,A,110,NEVS_CLLCTN_WTHT_NA,,,,,,,,,
3012,ANCRDT_ACCNTNG_C_1,ACCNTNG_CLSSFCTN,ACCNTNG_CLSSFCTN,O,5,ACCNTNG_CLSSFCTN_ANCRDT_CLLCTN,,,,,,,,,
3013,ANCRDT_JNT_LBLTS_C_1,JNT_LBLTY_AMNT,JNT_LBLTY_AMNT,O,6,MNTRY_NN_NGTV_2D,,,,,,,,,
3014,ANCRDT_INSTRMNT_C_1,NEVS_DT_STTLMNT,NEVS,A,105,NEVS_CLLCTN,,,,,,,,,
3015,ANCRDT_ACCNTNG_C_1,NEVS_FRBRNC_STTS,NEVS,A,110,NEVS_CLLCTN_WTHT_NA,,,,,,,,,
3016,ANCRDT_ENTTY_C_1,ULTMT_PRNT_UNDRT_CD,ULTMT_PRNT_UNDRT_CD,O,24,STRNG_RSTRCTD_ID_50,,,,,,,,,
3017,ANCRDT_PRTCTN_RCVD_C_1,TYP_PRTCTN_VL,TYP_PRTCTN_VL,O,7,TYP_PRTCTN_VL_ANCRDT_CLLCTN,,,,,,,,,
3018,ANCRDT_INSTRMNT_C_1,NEVS_TYP_AMRTSTN,NEVS,A,125,NEVS_CLLCTN_WTHT_NA,,,,,,,,,
3019,ANCRDT_INSTRMNT_C_1,DT_LGL_FNL_MTRTY,DT_LGL_FNL_MTRTY,O,16,DT_FLL_YYYY_MM_DD,,,,,,,,,
3020,ANCRDT_ENTTY_DFLT_C_1,OBSRVD_AGNT_CD,OBSRVD_AGNT_CD,D,1,STRNG_RSTRCTD_ID_50,,,,,,,,,
3021,ANCRDT_ACCNTNG_C_1,NEVS_PRDNTL_PRTFL,NEVS,A,118,NEVS_CLLCTN,,,,,,,,,
3022,ANCRDT_FNNCL_C_1,NEVS_ANNLSD_AGRD_RT,NEVS,A,114,NEVS_CLLCTN,,,,,,,,,
3023,ANCRDT_ENTTY_C_1,IMMDT_PRNT_UNDRT_CD,IMMDT_PRNT_UNDRT_CD,O,14,STRNG_RSTRCTD_ID_50,,,,,,,,,
3024,ANCRDT_ACCNTNG_C_1,NEVS_SRC_ENCMBRNC,NEVS,A,120,NEVS_CLLCTN_WTHT_NA,,,,,,,,,
3025,ANCRDT_INSTRMNT_C_1,NEVS_SBRDNTD_DBT,NEVS,A,123,NEVS_CLLCTN_WTHT_NA,,,,,,,,,
3026,ANCRDT_ENTTY_DFLT_C_1,NEVS_DFLT_STTS,NEVS,A,105,NEVS_CLLCTN_WTHT_NA,,,,,,,,,
3027,ANCRDT_ACCNTNG_C_1,NEVS_IMPRMNT_STTS,NEVS,A,106,NEVS_CLLCTN,,,,,,,,,
3028,ANCRDT_ACCNTNG_C_1,NEVS_PRFRMNG_STTS,NEVS,A,107,NEVS_CLLCTN,,,,,,,,,
3029,ANCRDT_ENTTY_C_1,DT_INTTN_LGL_PRCDNGS,DT_INTTN_LGL_PRCDNGS,O,9,DT_FLL_YYYYMMDD,,,,,,,,,
3030,ANCRDT_INSTRMNT_C_1,NEVS_RPYMNT_RGHTS,NEVS,A,122,NEVS_CLLCTN_WTHT_NA,,,,,,,,,
3031,ANCRDT_FNNCL_C_1,DT_NXT_INTRST_RT_RST,DT_NXT_INTRST_RT_RST,O,6,DT_FLL_YYYY_MM_DD,,,,,,,,,
3032,ANCRDT_PRTCTN_RCVD_C_1,OBSRVD_AGNT_CD,OBSRVD_AGNT_CD,D,1,STRNG_RSTRCTD_ID_50,,,,,,,,,
3033,ANCRDT_INSTRMNT_C_1,SYNDCTD_CNTRCT_ID,SYNDCTD_CNTRCT_ID,O,25,STRNG_RSTRCTD_ID_60,,,,,,,,,
3034,ANCRDT_INSTRMNT_C_1,NEVS_INTRST_RT_CP,NEVS,A,119,NEVS_CLLCTN,,,,,,,,,
3035,ANCRDT_INSTRMNT_C_1,NEVS_PYMNT_FRQNCY,NEVS,A,111,NEVS_CLLCTN_WTHT_NA,,,,,,,,,
3036,ANCRDT_ENTTY_INSTRMNT_C_1,INSTRMNT_ID,INSTRMNT_ID,D,5,STRNG_RSTRCTD_ID_60,,,,,,,,,
3037,ANCRDT_INSTRMNT_C_1,NEVS_TYP_INSTRMNT,NEVS,A,126,NEVS_CLLCTN_WTHT_NA,,,,,,,,,
3038,ANCRDT_PRTCTN_RCVD_C_1,NEVS_PRTCTN_VL,NEVS,A,112,NEVS_CLLCTN_WTHT_NA,,,,,,,,,
3039,ANCRDT_INSTRMNT_C_1,NEVS_PRJCT_FNNC_LN,NEVS,A,115,NEVS_CLLCTN_WTHT_NA,,,,,,,,,
3040,ANCRDT_ACCNTNG_C_1,NEVS_DT_FRBRNC_STTS,NEVS,A,108,NEVS_CLLCTN_WTHT_NA,,,,,,,,,
3041,ANCRDT_ACCNTNG_C_1,ACCMLTD_CHNGS_FV_CR,ACCMLTD_CHNGS_FV_CR,O,12,MNTRY_NN_NGTV_2D,,,,,,,,,
3042,ANCRDT_PRTCTN_RCVD_C_1,NEVS_RECL_CNTRY,NEVS,A,109,NEVS_CLLCTN,,,,,,,,,
3043,ANCRDT_PRTCTN_RCVD_C_1,ORGNL_PRTCTN_VL,ORGNL_PRTCTN_VL,O,15,MNTRY_NN_NGTV_2D,,,,,,,,,
3044,ANCRDT_ACCNTNG_C_1,NEVS_ACCMLTD_WRTFFS,NEVS,A,117,NEVS_CLLCTN_WTHT_NA,,,,,,,,,
3045,ANCRDT_INSTRMNT_C_1,NEVS_INTRST_RT_FLR,NEVS,A,121,NEVS_CLLCTN,,,,,,,,,
3046,ANCRDT_ENTTY_C_1,HD_OFFC_UNDRT_RIAD_CD,HD_OFFC_UNDRT_RIAD_CD,O,13,STRNG_RSTRCTD_ID_50,,,,,,,,,
3047,ANCRDT_INSTRMNT_C_1,NEVS_TYP_INTRST_RT,NEVS,A,127,NEVS_CLLCTN,,,,,,,,,
3048,ANCRDT_PRTCTN_RCVD_C_1,PRTCTN_PRVDR_CD,PRTCTN_PRVDR_CD,O,4,STRNG_RSTRCTD_ID_50,,,,,,,,,
3049,ANCRDT_INSTRMNT_C_1,NEVS_CRRNCY_DNMNTN,NEVS,A,112,NEVS_CLLCTN_WTHT_NA,,,,,,,,,
3050,ANCRDT_INSTRMNT_C_1,DT_END_INTRST_ONLY,DT_END_INTRST_ONLY,O,10,DT_FLL_YYYY_MM_DD,,,,,,,,,
3051,ANCRDT_PRTCTN_RCVD_C_1,DT_MTRTY_PRTCTN,DT_MTRTY_PRTCTN,O,14,DT_FLL_YYYY_MM_DD,,,,,,,,,
3052,ANCRDT_PRTCTN_RCVD_C_1,RECL_TRRTRL_UNT,RECL_TRRTRL_UNT,O,11,NUTS3_ANCRDT_CLLCTN,,,,,,,,,
3053,ANCRDT_PRTCTN_RCVD_C_1,NEVS_TYP_PRTCTN,NEVS,A,116,NEVS_CLLCTN_WTHT_NA,,,,,,,,,
3054,ANCRDT_ACCNTNG_C_1,PRVSNS_OFF_BLNC_SHT,PRVSNS_OFF_BLNC_SHT,O,15,MNTRY_NN_NGTV_2D,,,,,,,,,
3055,ANCRDT_ACCNTNG_C_1,NEVS_ACCMLTD_IMPRMNT,NEVS,A,116,NEVS_CLLCTN,,,,,,,,,
3056,ANCRDT_ACCNTNG_C_1,CMLTV_RCVRS_SNC_DFLT,CMLTV_RCVRS_SNC_DFLT,O,18,MNTRY_NN_NGTV_2D,,,,,,,,,
3057,ANCRDT_INSTRMNT_C_1,NEVS_INTRST_RT_SPRD,NEVS,A,120,NEVS_CLLCTN,,,,,,,,,
3058,ANCRDT_ENTTY_DFLT_C_1,NEVS_DT_DFLT_STTS,NEVS,A,106,NEVS_CLLCTN,,,,,,,,,
3059,ANCRDT_INSTRMNT_C_1,NEVS_CMMTMNT_INCPTN,NEVS,A,114,NEVS_CLLCTN,,,,,,,,,
3060,ANCRDT_ENTTY_INSTRMNT_C_1,ENTTY_RIAD_CD,ENTTY_RIAD_CD,D,3,STRNG_RSTRCTD_ID_50,,,,,,,,,
3061,ANCRDT_FNNCL_C_1,NEVS_OFF_BLNC_SHT_AMNT,NEVS,A,109,NEVS_CLLCTN,,,,,,,,,
3062,ANCRDT_ACCNTNG_C_1,NEVS_DT_PRFRMNG_STTS,NEVS,A,109,NEVS_CLLCTN_WTHT_NA,,,,,,,,,
3063,ANCRDT_INSTRMNT_PRTCTN_RCVD_C_1,DT_RFRNC,DT_RFRNC,D,2,DT_END_MNTH_YYYY_MM_DD,,,,,,,,,
3064,ANCRDT_ENTTY_INSTRMNT_C_1,OBSRVD_AGNT_CD,OBSRVD_AGNT_CD,D,1,STRNG_RSTRCTD_ID_50,,,,,,,,,
3065,ANCRDT_ACCNTNG_C_1,IMPRMNT_ASSSSMNT_MTHD,IMPRMNT_ASSSSMNT_MTHD,O,10,IMPRMNT_ASSSSMNT_MTHD_ANCRDT_CLLCTN,,,,,,,,,
3066,ANCRDT_PRTCTN_RCVD_C_1,NEVS_RECL_PSTL_CD,NEVS,A,111,NEVS_CLLCTN,,,,,,,,,
3067,ANCRDT_FNNCL_C_1,NEVS_OTSTNDNG_NMNL_AMNT,NEVS,A,113,NEVS_CLLCTN_WTHT_NA,,,,,,,,,
3068,ANCRDT_ACCNTNG_C_1,NEVS_ACCNTNG_CLSSFCTN,NEVS,A,105,NEVS_CLLCTN,,,,,,,,,
3069,ANCRDT_PRTCTN_RCVD_C_1,NEVS_DT_PRTCTN_VL,NEVS,A,105,NEVS_CLLCTN_WTHT_NA,,,,,,,,,
3070,ANCRDT_INSTRMNT_C_1,INTRST_RT_RST_FRQNCY,INTRST_RT_RST_FRQNCY,O,13,FRQNCY_INTRST_RT_RST_ANCRDT_CLLCTN,,,,,,,,,
3071,ANCRDT_JNT_LBLTS_C_1,NEVS_JNT_LBLTY_AMNT,NEVS,A,105,NEVS_CLLCTN_WTHT_NA,,,,,,,,,
3072,ANCRDT_INSTRMNT_C_1,FV_CHNG_CR_BFR_PRCHS,FV_CHNG_CR_BFR_PRCHS,O,27,MNTRY_NN_NGTV_2D,,,,,,,,,
3073,ANCRDT_INSTRMNT_C_1,NEVS_DT_LGL_FNL_MTRTY,NEVS,A,106,NEVS_CLLCTN,,,,,,,,,
3074,ANCRDT_PRTCTN_RCVD_C_1,PRTCTN_VLTN_APPRCH,PRTCTN_VLTN_APPRCH,O,8,PRTCTN_VLTN_APPRCH_ANCRDT_CLLCTN,,,,,,,,,
3075,ANCRDT_INSTRMNT_PRTCTN_RCVD_C_1,CNTRCT_ID,CNTRCT_ID,D,3,STRNG_RSTRCTD_ID_60,,,,,,,,,
3076,ANCRDT_PRTCTN_RCVD_C_1,DT_ORGNL_PRTCTN_VL,DT_ORGNL_PRTCTN_VL,O,16,DT_FLL_YYYY_MM_DD,,,,,,,,,
3077,ANCRDT_PRTCTN_RCVD_C_1,NEVS_TYP_PRTCTN_VL,NEVS,A,117,NEVS_CLLCTN_WTHT_NA,,,,,,,,,
3078,ANCRDT_INSTRMNT_PRTCTN_RCVD_C_1,PRTCTN_ID,PRTCTN_ID,D,5,STRNG_RSTRCTD_ID_60,,,,,,,,,
3079,ANCRDT_FNNCL_C_1,NEVS_DT_NXT_INTRST_RT_RST,NEVS,A,107,NEVS_CLLCTN,,,,,,,,,
3080,ANCRDT_INSTRMNT_C_1,NEVS_SYNDCTD_CNTRCT_ID,NEVS,A,124,NEVS_CLLCTN,,,,,,,,,
3081,ANCRDT_PRTCTN_RCVD_C_1,RL_ESTT_CLLTRL_LCTN,ECB5_RL_ESTT_CLLTRL_LCTN,O,9,STRNG_ID_20,,,,,,,,,
3082,ANCRDT_INSTRMNT_C_1,NEVS_DT_END_INTRST_ONLY,NEVS,A,108,NEVS_CLLCTN,,,,,,,,,
3083,ANCRDT_ACCNTNG_C_1,NEVS_PRVSNS_OFF_BLNC_SHT,NEVS,A,114,NEVS_CLLCTN,,,,,,,,,
3084,ANCRDT_PRTCTN_RCVD_C_1,NEVS_ORGNL_PRTCTN_VL,NEVS,A,113,NEVS_CLLCTN_WTHT_NA,,,,,,,,,
3085,ANCRDT_INSTRMNT_PRTCTN_RCVD_C_1,INSTRMNT_ID,INSTRMNT_ID,D,4,STRNG_RSTRCTD_ID_60,,,,,,,,,
3086,ANCRDT_PRTCTN_RCVD_C_1,NEVS_RECL_TRRTRL_UNT,NEVS,A,110,NEVS_CLLCTN,,,,,,,,,
3087,ANCRDT_PRTCTN_RCVD_C_1,NEVS_PRTCTN_PRVDR_CD,NEVS,A,115,NEVS_CLLCTN,,,,,,,,,
3088,ANCRDT_ACCNTNG_C_1,NEVS_ACCMLTD_CHNGS_FV_CR,NEVS,A,112,NEVS_CLLCTN,,,,,,,,,
3089,ANCRDT_PRTCTN_RCVD_C_1,NEVS_DT_MTRTY_PRTCTN,NEVS,A,107,NEVS_CLLCTN,,,,,,,,,
3090,ANCRDT_ACCNTNG_C_1,NEVS_CMLTV_RCVRS_SNC_DFLT,NEVS,A,115,NEVS_CLLCTN,,,,,,,,,
3091,ANCRDT_ACCNTNG_C_1,NEVS_IMPRMNT_ASSSSMNT_MTHD,NEVS,A,111,NEVS_CLLCTN,,,,,,,,,
3092,ANCRDT_INSTRMNT_C_1,NEVS_INTRST_RT_RST_FRQNCY,NEVS,A,110,NEVS_CLLCTN,,,,,,,,,
3093,ANCRDT_INSTRMNT_C_1,NEVS_FV_CHNG_CR_BFR_PRCHS,NEVS,A,113,NEVS_CLLCTN,,,,,,,,,
3094,ANCRDT_PRTCTN_RCVD_C_1,NEVS_DT_ORGNL_PRTCTN_VL,NEVS,A,106,NEVS_CLLCTN_WTHT_NA,,,,,,,,,
3095,ANCRDT_INSTRMNT_PRTCTN_RCVD_C_1,OBSRVD_AGNT_CD,OBSRVD_AGNT_CD,D,1,STRNG_RSTRCTD_ID_50,,,,,,,,,
3096,ANCRDT_PRTCTN_RCVD_C_1,NEVS_PRTCTN_VLTN_APPRCH,NEVS,A,114,NEVS_CLLCTN_WTHT_NA,,,,,,,,,
3097,ANCRDT_PRTCTN_RCVD_C_1,NEVS_RL_ESTT_CLLTRL_LCTN,NEVS,A,108,NEVS_CLLCTN,,,,,,,,,
3098,ANCRDT_INSTRMNT_PRTCTN_RCVD_C_1,PRTCTN_ALLCTD_VL,PRTCTN_ALLCTD_VL,O,6,MNTRY_NN_NGTV_2D,,,,,,,,,
3099,ANCRDT_INSTRMNT_PRTCTN_RCVD_C_1,THRD_PRTY_PRRTY_CLMS,THRD_PRTY_PRRTY_CLMS,O,7,MNTRY_NN_NGTV_2D,,,,,,,,,
3100,ANCRDT_INSTRMNT_PRTCTN_RCVD_C_1,NEVS_PRTCTN_ALLCTD_VL,NEVS,A,105,NEVS_CLLCTN_WTHT_NA,,,,,,,,,
3101,ANCRDT_INSTRMNT_PRTCTN_RCVD_C_1,NEVS_THRD_PRTY_PRRTY_CLMS,NEVS,A,106,NEVS_CLLCTN_WTHT_NA,,,,,,,,,