MAINTENANCE_AGENCY_ID,DOMAIN_ID,NAME,IS_ENUMERATED,DESCRIPTION,DATA_TYPE,CODE,FACET_ID,IS_REFERENCE
ECB,ACCNTNG_CLSSFCTN,Accounting classification,True,Accounting classification,,ACCNTNG_CLSSFCTN,,True
ECB,ACCNTNG_FRMWRK,Accounting framework,True,Accounting framework,,ACCNTNG_FRMWRK,,True
ECB,Boolean,Boolean,False,Boolean,Boolean,,,
ECB,CRDT_QLTY,Credit quality,True,Credit quality,,CRDT_QLTY,,True
ECB,CRRNCY,Currencies,True,Currencies,,CRRNCY,,True
ECB,DT,Date,False,Date,,DT,,True
ECB,Date,Date,False,Date,Date,,,
EBA,EBA_AP,Approach,True,Approach used for the calculation of capital requirements (or exposure value in LR),,AP,,False
EBA,EBA_AS,Accounting standard,True,The accounting standard used to prepare figures or reports,,AS,,False
EBA,EBA_ATY,Metric,True,"Details the data type (e.g. monetary, percentage, string) of the data point. In XBRL, it is the ""primary item"". Generally, it indicates the ""metrics"" of the Main category provided (i.e. answers the question: how is measured?). It should be defined for each data point. In the case of monetary values, when the data point is referred to a (change during a) period of time, the member name shall finish in ""(flow)"". When the member name has other terminations, the data point is a measurement at a date (i.e. ""stock"").",,ATY,,False
EBA,EBA_BA,Base items,True,"Defines the basic conceptual meaning of a data point. Identifies the framework in which a data point is included. For FINREP, it indicates in which group of element of the financial statement should be included the data point (e.g. assets, liabilities, equity, income, expenses). For COREP, it indicates whether the data point should be computed in the numerator (own funds) or the denominator (exposures) of the Pillar I solvency ratio. It may determine whether the data point has a ""debit"" or a ""credit"" attribute.",,BA,,False
EBA,EBA_BT,Boolean total,True,Dimensions having only two values (usually denoted true and false),,BT,,False
EBA,EBA_Boolean,Boolean,False,Boolean,,Boolean,,False
EBA,EBA_CB,Covered bond,False,Name or unambiguous abbreviation of a covered bond issuing entity and the designation of a covered bond,,CB,,False
EBA,EBA_CG,Collateral/Guarantees,True,Defines the terms and conditions of the collateral and guarantees,,CG,,False
EBA,EBA_CONS_LEVEL,Consolidation level,True,,,CONS_LEVEL,,False
EBA,EBA_CS,Contingent scenario,True,Defines the contingent scenarios whose impact is reported,,CS,,False
EBA,EBA_CT,Counterparty,True,Party other than the reporting institution in a contract or transaction.,,CT,,False
EBA,EBA_CU,Currency,True,Currency,,CU,,False
EBA,EBA_DT,Date,False,Date,,DT,,False
EBA,EBA_Date,Date,False,Date,,Date,,False
EBA,EBA_Decimal,Decimal,False,Decimal,,Decimal,,False
EBA,EBA_EC,Exposure classes,True,Defines the exposure class for capital requirement purposes,,EC,,False
EBA,EBA_ER,External ratings,True,Concepts related with external credit ratings.,,ER,,False
EBA,EBA_GA,Geographical area,True,Geographical area,,GA,,False
EBA,EBA_IM,Impairment,True,"Concepts related with monitoring credit quality of financial assets and off-balance sheet items (e.g. past due, impaired, defaulted)",,IM,,False
EBA,EBA_Integer,Integer,False,Integer,,Integer,,False
EBA,EBA_LE,Legal entity,False,"An association, corporation, partnership, proprietorship, trust, or individual that has legal standing in the eyes of law",,LE,,False
EBA,EBA_LQ,Liquidity,True,Defines different liquidity-related conditions of assets and liabilities,,LQ,,False
EBA,EBA_MA,Type of market,True,Defines the type of market on which reported instruments are traded. It includes the fair value hierarchy.,,MA,,False
EBA,EBA_MC,Main category,True,"Specifies the nature of the item reported (i.e. answers the question: what is reported?). For financial instruments, defines the instrument (e.g. deposits, debt securities issued...) or range of instruments reported. It should be defined for each data point.",,MC,,False
EBA,EBA_Monetary,Monetary,False,Monetary,,Monetary,,False
EBA,EBA_NC,NACE code,True,NACE classification of economic activities,,NC,,False
EBA,EBA_OF,Computability in own funds,True,Specifies the way in which the item computes in own funds,,OF,,False
EBA,EBA_PL,Portfolio,True,Defined the portfolios reported. It comprises both accounting portfolios (e.g. Available-for-sale) and prudential portfolios (e.g. trading book).,,PL,,False
EBA,EBA_PU,Purpose,True,Purpose of the contract or transaction.,,PU,,False
EBA,EBA_Percent,Percent,False,Percent,,Percent,,False
EBA,EBA_RF,Reference period,True,Defines a relative time point (reference date or period) to which the data refers.,,RF,,False
EBA,EBA_RP,Related parties/Relationships,True,"Defines the relationship between the reporting institution with an entity or a person; in particular, it specifies the type of related party.",,RP,,False
EBA,EBA_RT,Risk transfer treatment,True,Type of risk transfer (synthetic or transitional securitisations) and accounting treatment of the transaction,,RT,,False
EBA,EBA_SC,Scope of consolidation,True,Different scopes of consolidation of reporting when different from CRR scope,,SC,,False
EBA,EBA_ST,Securitisation structure,True,Tranche of the exposure in the securitisation structure,,ST,,False
EBA,EBA_STRNG,STRING,False,,,STRNG,,False
EBA,EBA_SY,Security,False,"Financial instrument that represents: an ownership position in a publicly-traded corporation (stock), a creditor relationship with governmental body or a corporation (bond), or rights to ownership as represented by an option.",,SY,,False
EBA,EBA_String,String,False,String,,String,,False
EBA,EBA_TA,Type of activity,True,Defines the type of activity reported (e.g. asset management or custody),,TA,,False
EBA,EBA_TI,Time interval,True,Time bands (e.g. > 60 days <= 90 days).,,TI,,False
EBA,EBA_TR,Type of risk,True,Indicates the type of risk arising from exposures or transactions (e.g. credit risk or market risk).,,TR,,False
EBA,EBA_ZZ,Code Lists,True,Codes for use in various metrics,,ZZ,,False
ECB2,ECB2_AsSeTy,Asset Securitisation Type,True,,,AsSeTy,,True
ECB2,ECB2_CL_FREQ,Frequency code list,True,,,CL_FREQ,,True
ECB2,ECB2_CL_SHS_ACCNTNG_CLSSFCTN,Accounting classification,True,,,CL_SHS_ACCNTNG_CLSSFCTN,,True
ECB2,ECB2_CL_SHS_ACC_STANDARD,Accounting Standard,True,,,CL_SHS_ACC_STANDARD,,True
ECB2,ECB2_CL_SHS_APPRCH_PRDNTL_PRPSS,Approach for prudential purposes,True,,,CL_SHS_APPRCH_PRDNTL_PRPSS,,True
ECB2,ECB2_CL_SHS_AREA,Area code list,True,,,CL_SHS_AREA,,True
ECB2,ECB2_CL_SHS_COLLATERAL_AREA,Collateral geographical location,True,,,CL_SHS_COLLATERAL_AREA,,True
ECB2,ECB2_CL_SHS_CURRENCY,Currency code list,True,,,CL_SHS_CURRENCY,,True
ECB2,ECB2_CL_SHS_DFLT_STTS,Default status,True,Default status in accordance with Article 178 of Regulation (EU) No 575/2013,,CL_SHS_DFLT_STTS,,True
ECB2,ECB2_CL_SHS_ENTITY_STATUS,Entity status,True,,,CL_SHS_ENTITY_STATUS,,True
ECB2,ECB2_CL_SHS_EXPSR_CLSS,Exposure class as defined in accordance with Regulation (EU) No 575/2013,True,,,CL_SHS_EXPSR_CLSS,,True
ECB2,ECB2_CL_SHS_FRBRNC_STTS,Status of forbearance and renegotiation,True,,,CL_SHS_FRBRNC_STTS,,True
ECB2,ECB2_CL_SHS_GROUP_TYPE,Group type code list,True,,,CL_SHS_GROUP_TYPE,,True
ECB2,ECB2_CL_SHS_IDENTIFIER_TYPE,Identifier type code list,True,,,CL_SHS_IDENTIFIER_TYPE,,True
ECB2,ECB2_CL_SHS_ID_TYPE,Group/Entity ID type,True,,,CL_SHS_ID_TYPE,,True
ECB2,ECB2_CL_SHS_IMPRMNT_ASSSSMNT_MTHD,Impairment assessment method,True,The method by which it is assessed if the instrument is subject to impairment in accord-ance with applied accounting standards. Collective and individual methods are distin-guished.,,CL_SHS_IMPRMNT_ASSSSMNT_MTHD,,True
ECB2,ECB2_CL_SHS_IMPRMNT_STTS,Imparement status,True,,,CL_SHS_IMPRMNT_STTS,,True
ECB2,ECB2_CL_SHS_INPUT_TYPE,Input type,True,,,CL_SHS_INPUT_TYPE,,True
ECB2,ECB2_CL_SHS_INSTR_ESA2010,CSDB instrument ESA 2010 class code list,True,,,CL_SHS_INSTR_ESA2010,,True
ECB2,ECB2_CL_SHS_ISSUER_AREA,Area code list,True,,,CL_SHS_ISSUER_AREA,,True
ECB2,ECB2_CL_SHS_ISSUER_ESA2010,CSDB issuer sector 2010 code list,True,,,CL_SHS_ISSUER_ESA2010,,True
ECB2,ECB2_CL_SHS_ISSUER_RBG,Issuer is part of the reporting group code list,True,,,CL_SHS_ISSUER_RBG,,True
ECB2,ECB2_CL_SHS_NACE,Issuer NACE sector code list,True,,,CL_SHS_NACE,,True
ECB2,ECB2_CL_SHS_ORGANISATION,Number,True,,,CL_SHS_ORGANISATION,,True
ECB2,ECB2_CL_SHS_PRDNTL_PRTFL,Prudential portfolio,True,,,CL_SHS_PRDNTL_PRTFL,,True
ECB2,ECB2_CL_SHS_PRFRMNG_STTS,Performing status,True,,,CL_SHS_PRFRMNG_STTS,,True
ECB2,ECB2_CL_SHS_REP_BASIS,Reporting basis code list,True,,,CL_SHS_REP_BASIS,,True
ECB2,ECB2_CL_SHS_SECTOR,Institutional sector code list,True,,,CL_SHS_SECTOR,,True
ECB2,ECB2_CL_SHS_SRC_ENCMBRNC,Source of Encumbrance,True,,,CL_SHS_SRC_ENCMBRNC,,True
ECB2,ECB2_CL_SHS_UNIT,Unit of measure code list,True,,,CL_SHS_UNIT,,True
ECB2,ECB2_CL_YES_NO,Yes/no code list,True,,,CL_YES_NO,,True
ECB2,ECB2_DT,Date,False,,,DT,,True
ECB2,ECB2_InSeTy,Instrument Seniority Type,True,,,InSeTy,,True
ECB2,ECB2_MNTRY,Monetary,False,,,MNTRY,,True
ECB2,ECB2_PrAsCl,Primary Asset Classification 2,True,,,PrAsCl,,True
ECB2,ECB2_RL,Real,False,,,RL,,True
ECB2,ECB2_STRNG,String,False,,,STRNG,,True
ECB2,ECB2_SecSta,Security Status,True,,,SecSta,,True
ECB,ECNMC_ACTVTY_V2,Nomenclature of Economic Activities (NACE revision 2.1) codes,True,"Classification of counterparties according to their economic activities, in accordance with the NACE revision 2.1 statistical classification as laid down in Commission Delegated Regulation (EU) 2023/137, amending Regulation (EC) No 1893/2006 of the European Parliament and of the Council.",,ECNMC_ACTVTY_V2,,True
ECB,ENTTY_RL,Counterparty role,True,Role of the counterparties in an instrument.,,ENTTY_RL,,True
ECB,FDCRY,Fiduciary instruments,True,Fiduciary instruments,,FDCRY,,True
ECB,FRBRNC_STTS,Forbearance status,True,Forbearance status,,FRBRNC_STTS,,True
ECB,FRQNCY,Frequency,True,Frequency,,FRQNCY,,True
ECB,Float,Float,False,Float,Float,,,
ECB,GGRPHCL_ARS,Geographical Area,True,Geographical Area,,GGRPHCL_ARS,,True
ECB,IMPRMNT_ASSSSMNT_MTHD,Impairment assessment method,True,"The method by which the impairment is assessed, if the instrument is subject to impairment in accordance with applied accounting standards. Collective and individual methods are distinguished.",,IMPRMNT_ASSSSMNT_MTHD,,True
ECB,INSTTTNL_SCTR,Institutional sectors,True,Institutional sectors,,INSTTTNL_SCTR,,True
ECB,Integer,Integer,False,Integer,Integer,,,
ECB,LGL_FRM,Legal Form,True,Legal Form,,LGL_FRM,,True
ECB,LGL_PRCDNG_STTS,Status of legal proceedings,True,Status of legal proceedings,,LGL_PRCDNG_STTS,,True
ECB,MNTRY,Monetary,False,Monetary,,MNTRY,,True
ECB,NEVS,Null explanatory values,True,Null explanatory values,,NEVS,,True
ECB,PRDNTL_PRTFL,Prudential portfolio,True,Prudential portfolio,,PRDNTL_PRTFL,,True
ECB,PRJCT_FNNC_LN,Project finance loans,True,Project finance loans,,PRJCT_FNNC_LN,,True
ECB,PRPS,Purpose,True,Purpose,,PRPS,,True
ECB,PRTCTN_VLTN_APPRCH,Protection valuation approach,True,Type of protection valuation; method used to determine the protection value.,,PRTCTN_VLTN_APPRCH,,True
ECB,RCGNTN_STTS,Recognition,True,Recognition,,RCGNTN_STTS,,True
ECB,RCRS,Recourse,True,Recourse,,RCRS,,True
ECB,RFRNC_RT,Reference rate code,True,Reference rate code,,RFRNC_RT,,True
ECB,RL,Real,False,Real,,RL,,True
ECB,RPYMNT_RGHTS,Repayment rights,True,Repayment rights,,RPYMNT_RGHTS,,True
ECB,SBRDNTD_DBT,Subordinated debt,True,Subordinated debt,,SBRDNTD_DBT,,True
ECB,SRC_ENCMBRNC,Encumbrance,True,Encumbrance,,SRC_ENCMBRNC,,True
ECB,STRNG,String,False,String,,STRNG,,True
ECB,SZ,Enterprise size,True,Enterprise size,,SZ,,True
ECB,String,String,False,String,String,,,
ECB,TYP_AMRTSTN,Amortisation type,True,Amortisation type,,TYP_AMRTSTN,,True
ECB,TYP_INSTRMNT,Type of instrument,True,Type of instrument,,TYP_INSTRMNT,,True
ECB,TYP_INTRST_RT,Interest rate type,True,Interest rate type,,TYP_INTRST_RT,,True
ECB,TYP_PRTCTN,Type of protection,True,Type of protection,,TYP_PRTCTN,,True
ECB,TYP_PRTCTN_VL,Type of protection value,True,Identification of the type of value provided in the data attribute ‘Protection value’.,,TYP_PRTCTN_VL,,True
ECB,TYP_TRNSFR,Type of Transfer,True,Type of Transfer,,TYP_TRNSFR,,True