ID,VARIABLE_MAPPING_ID,VARIABLE_ID,IS_SOURCE,VALID_FROM,VALID_TO
848,DPM_mi290,EBA_mi290,true,2019-05-01 00:00:00,9999-12-31 00:00:00
849,DPM_mi291,EBA_mi291,true,2019-05-01 00:00:00,9999-12-31 00:00:00
850,DPM_bi327,EBA_bi327,true,2019-05-01 00:00:00,9999-12-31 00:00:00
851,DPM_ei328,EBA_ei328,true,2019-05-01 00:00:00,9999-12-31 00:00:00
852,DPM_si294,EBA_si294,true,2019-05-01 00:00:00,9999-12-31 00:00:00
853,DPM_si293,EBA_si293,true,2019-05-01 00:00:00,9999-12-31 00:00:00
854,DPM_mi295,EBA_mi295,true,2019-05-01 00:00:00,9999-12-31 00:00:00
855,DPM_mi297,EBA_mi297,true,2019-05-01 00:00:00,9999-12-31 00:00:00
856,DPM_mi292,EBA_mi292,true,2019-05-01 00:00:00,9999-12-31 00:00:00
857,DPM_CBC,EBA_CBC,true,2019-05-01 00:00:00,9999-12-31 00:00:00
858,DPM_BAS_MCY,EBA_BAS,true,1999-01-01 00:00:00,9999-12-31 00:00:00
859,DPM_BAS_MCY,EBA_MCY,true,1999-01-01 00:00:00,9999-12-31 00:00:00
860,DPM_MCV_F_16.08,EBA_MCV,true,1999-01-01 00:00:00,9999-12-31 00:00:00
861,DPM_BAS_ALO_IMS_APL,EBA_BAS,true,1999-01-01 00:00:00,9999-12-31 00:00:00
862,DPM_BAS_ALO_IMS_APL,EBA_APL,true,1999-01-01 00:00:00,9999-12-31 00:00:00
863,DPM_BAS_ALO_IMS_APL,EBA_IMS,true,1999-01-01 00:00:00,9999-12-31 00:00:00
864,DPM_BAS_ALO_IMS_APL,EBA_ALO,true,1999-01-01 00:00:00,9999-12-31 00:00:00
865,DPM_CPS_CPZ_MCY_TMA,EBA_MCY,true,1999-01-01 00:00:00,9999-12-31 00:00:00
866,DPM_CPS_CPZ_MCY_TMA,EBA_CPS,true,1999-01-01 00:00:00,9999-12-31 00:00:00
867,DPM_CPS_CPZ_MCY_TMA,EBA_CPZ,true,1999-01-01 00:00:00,9999-12-31 00:00:00
868,DPM_CPS_CPZ_MCY_TMA,EBA_TMA,true,1999-01-01 00:00:00,9999-12-31 00:00:00
869,DPM_LAC,EBA_LAC,true,1999-01-01 00:00:00,9999-12-31 00:00:00
870,DPM_MCE_APL,EBA_MCE,true,1999-01-01 00:00:00,9999-12-31 00:00:00
871,DPM_MCE_APL,EBA_APL,true,1999-01-01 00:00:00,9999-12-31 00:00:00
872,DPM_CTL_MCG,EBA_CTL,true,1999-01-01 00:00:00,9999-12-31 00:00:00
873,DPM_CTL_MCG,EBA_MCG,true,1999-01-01 00:00:00,9999-12-31 00:00:00
874,DPM_FLT_FLW,EBA_FLW,true,1999-01-01 00:00:00,9999-12-31 00:00:00
875,DPM_FLT_FLW,EBA_FLT,true,1999-01-01 00:00:00,9999-12-31 00:00:00
876,DPM_NPE,EBA_NPE,true,1999-01-01 00:00:00,9999-12-31 00:00:00
877,DPM_PIR,EBA_PIR,true,1999-01-01 00:00:00,9999-12-31 00:00:00
878,DPM_POV,EBA_POV,true,1999-01-01 00:00:00,9999-12-31 00:00:00
879,DPM_TIE,EBA_TIE,true,1999-01-01 00:00:00,9999-12-31 00:00:00
880,DPM_TYA_F_24.01,EBA_TYA,true,1999-01-01 00:00:00,9999-12-31 00:00:00
881,DPM_CNO,EBA_CNO,true,1999-01-01 00:00:00,9999-12-31 00:00:00
882,DPM_CPS_MCP,EBA_CPS,true,1999-01-01 00:00:00,9999-12-31 00:00:00
883,DPM_LEC_2,EBA_LEC,true,1999-01-01 00:00:00,9999-12-31 00:00:00
884,DPM_STC,EBA_STC,true,1999-01-01 00:00:00,9999-12-31 00:00:00
885,DPM_CPS_MCP,EBA_MCP,true,1999-01-01 00:00:00,9999-12-31 00:00:00
886,DPM_TRI_F_02.00,EBA_TRI,true,1999-01-01 00:00:00,9999-12-31 00:00:00
887,DPM_IMS_F_06.01,EBA_IMS,true,1999-01-01 00:00:00,9999-12-31 00:00:00
888,DPM_MCY,EBA_MCY,true,1999-01-01 00:00:00,9999-12-31 00:00:00
889,DPM_NAC,EBA_NAC,true,1999-01-01 00:00:00,9999-12-31 00:00:00
890,DPM_APL,EBA_APL,true,1999-01-01 00:00:00,9999-12-31 00:00:00
891,DPM_BAS_MCY_PFS,EBA_BAS,true,1999-01-01 00:00:00,9999-12-31 00:00:00
892,DPM_BAS_MCY_PFS,EBA_MCY,true,1999-01-01 00:00:00,9999-12-31 00:00:00
893,DPM_BAS_MCY_PFS,EBA_PFS,true,1999-01-01 00:00:00,9999-12-31 00:00:00
894,DPM_RPR,EBA_RPR,true,1999-01-01 00:00:00,9999-12-31 00:00:00
895,DPM_TYR,EBA_TYR,true,1999-01-01 00:00:00,9999-12-31 00:00:00
896,DPM_BAS_MCE_MCY_TYA_2.9,EBA_MCY,true,1999-01-01 00:00:00,9999-12-31 00:00:00
897,DPM_BAS_MCE_MCY_TYA_2.9,EBA_BAS,true,1999-01-01 00:00:00,9999-12-31 00:00:00
898,DPM_BAS_MCE_MCY_TYA_2.9,EBA_MCE,true,1999-01-01 00:00:00,9999-12-31 00:00:00
899,DPM_BAS_MCE_MCY_TYA_2.9,EBA_TYA,true,1999-01-01 00:00:00,9999-12-31 00:00:00
900,DPM_BAS_MCV_MCY_TRE,EBA_BAS,true,1999-01-01 00:00:00,9999-12-31 00:00:00
901,DPM_BAS_MCV_MCY_TRE,EBA_MCY,true,1999-01-01 00:00:00,9999-12-31 00:00:00
902,DPM_BAS_MCV_MCY_TRE,EBA_MCV,true,1999-01-01 00:00:00,9999-12-31 00:00:00
903,DPM_BAS_MCV_MCY_TRE,EBA_TRE,true,1999-01-01 00:00:00,9999-12-31 00:00:00
904,DPM_TSA,EBA_TSA,true,1999-01-01 00:00:00,9999-12-31 00:00:00
905,DPM_SUB,EBA_SUB,true,1999-01-01 00:00:00,9999-12-31 00:00:00
906,DPM_BAS_CPS_MCB_MCY_APL,EBA_BAS,true,1999-01-01 00:00:00,9999-12-31 00:00:00
907,DPM_BAS_CPS_MCB_MCY_APL,EBA_MCY,true,1999-01-01 00:00:00,9999-12-31 00:00:00
908,DPM_BAS_CPS_MCB_MCY_APL,EBA_CPS,true,1999-01-01 00:00:00,9999-12-31 00:00:00
909,DPM_BAS_CPS_MCB_MCY_APL,EBA_APL,true,1999-01-01 00:00:00,9999-12-31 00:00:00
910,DPM_BAS_CPS_MCB_MCY_APL,EBA_MCB,true,1999-01-01 00:00:00,9999-12-31 00:00:00
911,DPM_MCF,EBA_MCF,true,1999-01-01 00:00:00,9999-12-31 00:00:00
912,DPM_TYH_F_20.01,EBA_TYH,true,1999-01-01 00:00:00,9999-12-31 00:00:00
913,DPM_BAS_MCF_MCH_MCY,EBA_BAS,true,1999-01-01 00:00:00,9999-12-31 00:00:00
914,DPM_BAS_MCB_MCY,EBA_BAS,true,1999-01-01 00:00:00,9999-12-31 00:00:00
915,DPM_BAS_MCB_MCY,EBA_MCB,true,1999-01-01 00:00:00,9999-12-31 00:00:00
916,DPM_BAS_MCB_MCY,EBA_MCY,true,1999-01-01 00:00:00,9999-12-31 00:00:00
917,DPM_CNO_F_46.00,EBA_CNO,true,1999-01-01 00:00:00,9999-12-31 00:00:00
918,DPM_PFS_F_31.02,EBA_PFS,true,1999-01-01 00:00:00,9999-12-31 00:00:00
919,DPM_BAS_CNO_MCB_MCF_MCY_REC,EBA_BAS,true,1999-01-01 00:00:00,9999-12-31 00:00:00
920,DPM_BAS_CNO_MCB_MCF_MCY_REC,EBA_MCB,true,1999-01-01 00:00:00,9999-12-31 00:00:00
921,DPM_BAS_CNO_MCB_MCF_MCY_REC,EBA_MCY,true,1999-01-01 00:00:00,9999-12-31 00:00:00
922,DPM_BAS_CNO_MCB_MCF_MCY_REC,EBA_CNO,true,1999-01-01 00:00:00,9999-12-31 00:00:00
923,DPM_BAS_CNO_MCB_MCF_MCY_REC,EBA_REC,true,1999-01-01 00:00:00,9999-12-31 00:00:00
924,DPM_BAS_CNO_MCB_MCF_MCY_REC,EBA_MCF,true,1999-01-01 00:00:00,9999-12-31 00:00:00
925,DPM_BAS_MCE_MCY_TYA,EBA_MCY,true,1999-01-01 00:00:00,9999-12-31 00:00:00
926,DPM_BAS_MCE_MCY_TYA,EBA_BAS,true,1999-01-01 00:00:00,9999-12-31 00:00:00
927,DPM_BAS_MCE_MCY_TYA,EBA_MCE,true,1999-01-01 00:00:00,9999-12-31 00:00:00
928,DPM_mi109,EBA_mi109,true,1999-01-01 00:00:00,9999-12-31 00:00:00
929,DPM_mi110,EBA_mi110,true,1999-01-01 00:00:00,9999-12-31 00:00:00
930,DPM_mi134,EBA_mi134,true,1999-01-01 00:00:00,9999-12-31 00:00:00
931,DPM_mi135,EBA_mi135,true,1999-01-01 00:00:00,9999-12-31 00:00:00
932,DPM_mi136,EBA_mi136,true,1999-01-01 00:00:00,9999-12-31 00:00:00
933,DPM_mi164,EBA_mi164,true,1999-01-01 00:00:00,9999-12-31 00:00:00
934,DPM_mi170,EBA_mi170,true,1999-01-01 00:00:00,9999-12-31 00:00:00
935,DPM_mi172,EBA_mi172,true,1999-01-01 00:00:00,9999-12-31 00:00:00
936,DPM_mi191,EBA_mi191,true,1999-01-01 00:00:00,9999-12-31 00:00:00
937,DPM_mi195,EBA_mi195,true,1999-01-01 00:00:00,9999-12-31 00:00:00
938,DPM_mi339,EBA_mi339,true,1999-01-01 00:00:00,9999-12-31 00:00:00
939,DPM_mi340,EBA_mi340,true,1999-01-01 00:00:00,9999-12-31 00:00:00
940,DPM_mi35,EBA_mi35,true,1999-01-01 00:00:00,9999-12-31 00:00:00
941,DPM_mi37,EBA_mi37,true,1999-01-01 00:00:00,9999-12-31 00:00:00
942,DPM_BAS_MCF_MCH_MCY,EBA_MCY,true,1999-01-01 00:00:00,9999-12-31 00:00:00
943,DPM_BAS_MCF_MCH_MCY,EBA_MCH,true,1999-01-01 00:00:00,9999-12-31 00:00:00
944,DPM_BAS_MCF_MCH_MCY,EBA_MCF,true,1999-01-01 00:00:00,9999-12-31 00:00:00
945,DPM_MCA,EBA_MCA,true,1999-01-01 00:00:00,9999-12-31 00:00:00
946,DPM_MCE,EBA_MCE,true,1999-01-01 00:00:00,9999-12-31 00:00:00
947,DPM_REC,EBA_REC,true,1999-01-01 00:00:00,9999-12-31 00:00:00
948,DPM_LTG,EBA_LTG,true,1999-01-01 00:00:00,9999-12-31 00:00:00
949,DPM_BAS_MCB_MCY_APL_F_42.00,EBA_BAS,true,1999-01-01 00:00:00,9999-12-31 00:00:00
950,DPM_BAS_MCB_MCY_APL_F_42.00,EBA_MCY,true,1999-01-01 00:00:00,9999-12-31 00:00:00
951,DPM_BAS_MCB_MCY_APL_F_42.00,EBA_APL,true,1999-01-01 00:00:00,9999-12-31 00:00:00
952,DPM_BAS_MCB_MCY_APL_F_42.00,EBA_MCB,true,1999-01-01 00:00:00,9999-12-31 00:00:00
953,DPM_CPS_MCB_MCY,EBA_MCY,true,1999-01-01 00:00:00,9999-12-31 00:00:00
954,DPM_CPS_MCB_MCY,EBA_CPS,true,1999-01-01 00:00:00,9999-12-31 00:00:00
955,DPM_CPS_MCB_MCY,EBA_MCB,true,1999-01-01 00:00:00,9999-12-31 00:00:00
956,DPM_IMS,EBA_IMS,true,1999-01-01 00:00:00,9999-12-31 00:00:00
957,DPM_BAS_MCE_MCY_TYA,EBA_TYA,true,1999-01-01 00:00:00,9999-12-31 00:00:00
958,DPM_MCE_TYH,EBA_MCE,true,1999-01-01 00:00:00,9999-12-31 00:00:00
959,DPM_MCE_TYH,EBA_TYH,true,1999-01-01 00:00:00,9999-12-31 00:00:00
960,DPM_TYA,EBA_TYA,true,1999-01-01 00:00:00,9999-12-31 00:00:00
961,DPM_FVH,EBA_FVH,true,1999-01-01 00:00:00,9999-12-31 00:00:00
962,DPM_ALO_F_12.00,EBA_ALO,true,1999-01-01 00:00:00,9999-12-31 00:00:00
963,DPM_DPS,EBA_DPS,true,1999-01-01 00:00:00,9999-12-31 00:00:00
964,DPM_CPS_MCB_MCY_TMA_TRI,EBA_MCY,true,1999-01-01 00:00:00,9999-12-31 00:00:00
965,DPM_CPS_MCB_MCY_TMA_TRI,EBA_CPS,true,1999-01-01 00:00:00,9999-12-31 00:00:00
966,DPM_CPS_MCB_MCY_TMA_TRI,EBA_TRI,true,1999-01-01 00:00:00,9999-12-31 00:00:00
967,DPM_CPS_MCB_MCY_TMA_TRI,EBA_TMA,true,1999-01-01 00:00:00,9999-12-31 00:00:00
968,DPM_CPS_MCB_MCY_TMA_TRI,EBA_MCB,true,1999-01-01 00:00:00,9999-12-31 00:00:00
969,DPM_PLD,EBA_PLD,true,1999-01-01 00:00:00,9999-12-31 00:00:00
970,DPM_mi43,EBA_mi43,true,1999-01-01 00:00:00,9999-12-31 00:00:00
971,DPM_mi45,EBA_mi45,true,1999-01-01 00:00:00,9999-12-31 00:00:00
972,DPM_mi500,EBA_mi500,true,1999-01-01 00:00:00,9999-12-31 00:00:00
973,DPM_mi501,EBA_mi501,true,1999-01-01 00:00:00,9999-12-31 00:00:00
974,DPM_mi502,EBA_mi502,true,1999-01-01 00:00:00,9999-12-31 00:00:00
975,DPM_mi503,EBA_mi503,true,1999-01-01 00:00:00,9999-12-31 00:00:00
976,DPM_mi504,EBA_mi504,true,1999-01-01 00:00:00,9999-12-31 00:00:00
977,DPM_mi505,EBA_mi505,true,1999-01-01 00:00:00,9999-12-31 00:00:00
978,DPM_mi506,EBA_mi506,true,1999-01-01 00:00:00,9999-12-31 00:00:00
979,DPM_mi507,EBA_mi507,true,1999-01-01 00:00:00,9999-12-31 00:00:00
980,DPM_mi508,EBA_mi508,true,1999-01-01 00:00:00,9999-12-31 00:00:00
981,DPM_mi65,EBA_mi65,true,1999-01-01 00:00:00,9999-12-31 00:00:00
982,DPM_mi7,EBA_mi7,true,1999-01-01 00:00:00,9999-12-31 00:00:00
983,DPM_mi9,EBA_mi9,true,1999-01-01 00:00:00,9999-12-31 00:00:00
984,DPM_md103,EBA_md103,true,1999-01-01 00:00:00,9999-12-31 00:00:00
985,DPM_md104,EBA_md104,true,1999-01-01 00:00:00,9999-12-31 00:00:00
986,DPM_md105,EBA_md105,true,1999-01-01 00:00:00,9999-12-31 00:00:00
987,DPM_md108,EBA_md108,true,1999-01-01 00:00:00,9999-12-31 00:00:00
988,DPM_CPS_MCB_MCE_TYH_IMS_APL_PUR,EBA_MCE,true,1999-01-01 00:00:00,9999-12-31 00:00:00
989,DPM_CPS_MCB_MCE_TYH_IMS_APL_PUR,EBA_CPS,true,1999-01-01 00:00:00,9999-12-31 00:00:00
990,DPM_CPS_MCB_MCE_TYH_IMS_APL_PUR,EBA_TYH,true,1999-01-01 00:00:00,9999-12-31 00:00:00
991,DPM_CPS_MCB_MCE_TYH_IMS_APL_PUR,EBA_PUR,true,1999-01-01 00:00:00,9999-12-31 00:00:00
992,DPM_CPS_MCB_MCE_TYH_IMS_APL_PUR,EBA_MCB,true,1999-01-01 00:00:00,9999-12-31 00:00:00
993,DPM_CPS_MCB_MCE_TYH_IMS_APL_PUR,EBA_IMS,true,1999-01-01 00:00:00,9999-12-31 00:00:00
994,DPM_TPD,EBA_TPD,true,1999-01-01 00:00:00,9999-12-31 00:00:00
995,DPM_BAS_MCY_APL,EBA_MCY,true,1999-01-01 00:00:00,9999-12-31 00:00:00
996,DPM_BAS_MCY_APL,EBA_APL,true,1999-01-01 00:00:00,9999-12-31 00:00:00
997,DPM_BAS_MCY_APL,EBA_BAS,true,1999-01-01 00:00:00,9999-12-31 00:00:00
998,DPM_BAS_MCB_MCY_APL,EBA_BAS,true,1999-01-01 00:00:00,9999-12-31 00:00:00
999,DPM_BAS_MCB_MCY_APL,EBA_MCY,true,1999-01-01 00:00:00,9999-12-31 00:00:00
1000,DPM_BAS_MCB_MCY_APL,EBA_APL,true,1999-01-01 00:00:00,9999-12-31 00:00:00
1001,DPM_BAS_MCB_MCY_APL,EBA_MCB,true,1999-01-01 00:00:00,9999-12-31 00:00:00
1002,DPM_md11,EBA_md11,true,1999-01-01 00:00:00,9999-12-31 00:00:00
1003,DPM_md114,EBA_md114,true,1999-01-01 00:00:00,9999-12-31 00:00:00
1004,DPM_md12,EBA_md12,true,1999-01-01 00:00:00,9999-12-31 00:00:00
1005,DPM_md13,EBA_md13,true,1999-01-01 00:00:00,9999-12-31 00:00:00
1006,DPM_md131,EBA_md131,true,1999-01-01 00:00:00,9999-12-31 00:00:00
1007,DPM_md139,EBA_md139,true,1999-01-01 00:00:00,9999-12-31 00:00:00
1008,DPM_md14,EBA_md14,true,1999-01-01 00:00:00,9999-12-31 00:00:00
1009,DPM_md140,EBA_md140,true,1999-01-01 00:00:00,9999-12-31 00:00:00
1010,DPM_md147,EBA_md147,true,1999-01-01 00:00:00,9999-12-31 00:00:00
1011,DPM_md149,EBA_md149,true,1999-01-01 00:00:00,9999-12-31 00:00:00
1012,DPM_md150,EBA_md150,true,1999-01-01 00:00:00,9999-12-31 00:00:00
1013,DPM_md151,EBA_md151,true,1999-01-01 00:00:00,9999-12-31 00:00:00
1014,DPM_md186,EBA_md186,true,1999-01-01 00:00:00,9999-12-31 00:00:00
1015,DPM_MCV_F_44.03,EBA_MCV,true,1999-01-01 00:00:00,9999-12-31 00:00:00
1016,DPM_CPS_CPZ_MCY,EBA_MCY,true,1999-01-01 00:00:00,9999-12-31 00:00:00
1017,DPM_CPS_CPZ_MCY,EBA_CPS,true,1999-01-01 00:00:00,9999-12-31 00:00:00
1018,DPM_CPS_CPZ_MCY,EBA_CPZ,true,1999-01-01 00:00:00,9999-12-31 00:00:00
1019,DPM_TRI_F_04.03.1,EBA_TRI,true,1999-01-01 00:00:00,9999-12-31 00:00:00
1020,DPM_CPS_CPZ_MCG_MCY_PUR,EBA_MCY,true,1999-01-01 00:00:00,9999-12-31 00:00:00
1021,DPM_CPS_CPZ_MCG_MCY_PUR,EBA_CPS,true,1999-01-01 00:00:00,9999-12-31 00:00:00
1022,DPM_CPS_CPZ_MCG_MCY_PUR,EBA_CPZ,true,1999-01-01 00:00:00,9999-12-31 00:00:00
1023,DPM_CPS_CPZ_MCG_MCY_PUR,EBA_MCG,true,1999-01-01 00:00:00,9999-12-31 00:00:00
1024,DPM_CPS_CPZ_MCG_MCY_PUR,EBA_PUR,true,1999-01-01 00:00:00,9999-12-31 00:00:00
1025,DPM_ACT,EBA_ACT,true,1999-01-01 00:00:00,9999-12-31 00:00:00
1026,DPM_TRT,EBA_TRT,true,1999-01-01 00:00:00,9999-12-31 00:00:00
1027,DPM_MCT_PLT,EBA_MCT,true,1999-01-01 00:00:00,9999-12-31 00:00:00
1028,DPM_MCT_PLT,EBA_PLT,true,1999-01-01 00:00:00,9999-12-31 00:00:00
1029,DPM_BAS_CPS_CPZ_MCG_MCY_MCP_PUR_APL,EBA_BAS,true,1999-01-01 00:00:00,9999-12-31 00:00:00
1030,DPM_BAS_CPS_CPZ_MCG_MCY_MCP_PUR_APL,EBA_MCY,true,1999-01-01 00:00:00,9999-12-31 00:00:00
1031,DPM_md197,EBA_md197,true,1999-01-01 00:00:00,9999-12-31 00:00:00
1032,DPM_md199,EBA_md199,true,1999-01-01 00:00:00,9999-12-31 00:00:00
1033,DPM_md200,EBA_md200,true,1999-01-01 00:00:00,9999-12-31 00:00:00
1034,DPM_md201,EBA_md201,true,1999-01-01 00:00:00,9999-12-31 00:00:00
1035,DPM_md202,EBA_md202,true,1999-01-01 00:00:00,9999-12-31 00:00:00
1036,DPM_md203,EBA_md203,true,1999-01-01 00:00:00,9999-12-31 00:00:00
1037,DPM_md210,EBA_md210,true,1999-01-01 00:00:00,9999-12-31 00:00:00
1038,DPM_md216,EBA_md216,true,1999-01-01 00:00:00,9999-12-31 00:00:00
1039,DPM_md233,EBA_md233,true,1999-01-01 00:00:00,9999-12-31 00:00:00
1040,DPM_BAS_CPS_MCY,EBA_BAS,true,1999-01-01 00:00:00,9999-12-31 00:00:00
1041,DPM_BAS_CPS_MCY,EBA_MCY,true,1999-01-01 00:00:00,9999-12-31 00:00:00
1042,DPM_BAS_CPS_MCY,EBA_CPS,true,1999-01-01 00:00:00,9999-12-31 00:00:00
1043,DPM_IMS_PFS_2.9,EBA_IMS,true,1999-01-01 00:00:00,9999-12-31 00:00:00
1044,DPM_IMS_PFS_2.9,EBA_PFS,true,1999-01-01 00:00:00,9999-12-31 00:00:00
1045,DPM_BAS_APL_2.9,EBA_APL,true,1999-01-01 00:00:00,9999-12-31 00:00:00
1046,DPM_BAS_APL_2.9,EBA_BAS,true,1999-01-01 00:00:00,9999-12-31 00:00:00
1047,DPM_CPS_CPZ_MCB_MCG_MCY_PUR,EBA_MCY,true,1999-01-01 00:00:00,9999-12-31 00:00:00
1048,DPM_CPS_CPZ_MCB_MCG_MCY_PUR,EBA_MCB,true,1999-01-01 00:00:00,9999-12-31 00:00:00
1049,DPM_CPS_CPZ_MCB_MCG_MCY_PUR,EBA_CPS,true,1999-01-01 00:00:00,9999-12-31 00:00:00
1050,DPM_CPS_CPZ_MCB_MCG_MCY_PUR,EBA_CPZ,true,1999-01-01 00:00:00,9999-12-31 00:00:00
1051,DPM_CPS_CPZ_MCB_MCG_MCY_PUR,EBA_MCG,true,1999-01-01 00:00:00,9999-12-31 00:00:00
1052,DPM_CPS_CPZ_MCB_MCG_MCY_PUR,EBA_PUR,true,1999-01-01 00:00:00,9999-12-31 00:00:00
1053,DPM_BAS_CPS_MCY_APL,EBA_CPS,true,1999-01-01 00:00:00,9999-12-31 00:00:00
1054,DPM_BAS_CPS_CPZ_MCG_MCY_MCP_PUR_APL,EBA_MCP,true,1999-01-01 00:00:00,9999-12-31 00:00:00
1055,DPM_BAS_CPS_CPZ_MCG_MCY_MCP_PUR_APL,EBA_APL,true,1999-01-01 00:00:00,9999-12-31 00:00:00
1056,DPM_BAS_CPS_CPZ_MCG_MCY_MCP_PUR_APL,EBA_CPS,true,1999-01-01 00:00:00,9999-12-31 00:00:00
1057,DPM_BAS_CPS_CPZ_MCG_MCY_MCP_PUR_APL,EBA_CPZ,true,1999-01-01 00:00:00,9999-12-31 00:00:00
1058,DPM_BAS_CPS_CPZ_MCG_MCY_MCP_PUR_APL,EBA_MCG,true,1999-01-01 00:00:00,9999-12-31 00:00:00
1059,DPM_BAS_CPS_CPZ_MCG_MCY_MCP_PUR_APL,EBA_PUR,true,1999-01-01 00:00:00,9999-12-31 00:00:00
1060,DPM_BAS_CPS_MCY_APL,EBA_MCY,true,1999-01-01 00:00:00,9999-12-31 00:00:00
1061,DPM_BAS_CPS_MCY_APL,EBA_APL,true,1999-01-01 00:00:00,9999-12-31 00:00:00
1062,DPM_BAS_CPS_MCY_APL,EBA_BAS,true,1999-01-01 00:00:00,9999-12-31 00:00:00
1063,DPM_md239,EBA_md239,true,1999-01-01 00:00:00,9999-12-31 00:00:00
1064,DPM_md240,EBA_md240,true,1999-01-01 00:00:00,9999-12-31 00:00:00
1065,DPM_md241,EBA_md241,true,1999-01-01 00:00:00,9999-12-31 00:00:00
1066,DPM_md242,EBA_md242,true,1999-01-01 00:00:00,9999-12-31 00:00:00
1067,DPM_FRS_IMS_PFS_TPD,EBA_IMS,true,1999-01-01 00:00:00,9999-12-31 00:00:00
1068,DPM_FRS_IMS_PFS_TPD,EBA_PFS,true,1999-01-01 00:00:00,9999-12-31 00:00:00
1069,DPM_FRS_IMS_PFS_TPD,EBA_TPD,true,1999-01-01 00:00:00,9999-12-31 00:00:00
1070,DPM_FRS_IMS_PFS_TPD,EBA_FRS,true,1999-01-01 00:00:00,9999-12-31 00:00:00
1071,DPM_MCB,EBA_MCB,true,1999-01-01 00:00:00,9999-12-31 00:00:00
1072,DPM_FBS_F_19.00,EBA_FBS,true,1999-01-01 00:00:00,9999-12-31 00:00:00
1073,DPM_IMS_PFS,EBA_IMS,true,1999-01-01 00:00:00,9999-12-31 00:00:00
1074,DPM_IMS_PFS,EBA_PFS,true,1999-01-01 00:00:00,9999-12-31 00:00:00
1075,DPM_CPS_CPZ_MCB_MCY_PUR,EBA_MCY,true,1999-01-01 00:00:00,9999-12-31 00:00:00
1076,DPM_CPS_CPZ_MCB_MCY_PUR,EBA_MCB,true,1999-01-01 00:00:00,9999-12-31 00:00:00
1077,DPM_CPS_CPZ_MCB_MCY_PUR,EBA_CPS,true,1999-01-01 00:00:00,9999-12-31 00:00:00
1078,DPM_CPS_CPZ_MCB_MCY_PUR,EBA_CPZ,true,1999-01-01 00:00:00,9999-12-31 00:00:00
1079,DPM_CPS_CPZ_MCB_MCY_PUR,EBA_PUR,true,1999-01-01 00:00:00,9999-12-31 00:00:00
1080,DPM_IMS_PFS_TPD,EBA_IMS,true,1999-01-01 00:00:00,9999-12-31 00:00:00
1081,DPM_IMS_PFS_TPD,EBA_PFS,true,1999-01-01 00:00:00,9999-12-31 00:00:00
1082,DPM_IMS_PFS_TPD,EBA_TPD,true,1999-01-01 00:00:00,9999-12-31 00:00:00
1083,DPM_MCE_APL_RPR,EBA_MCE,true,1999-01-01 00:00:00,9999-12-31 00:00:00
1084,DPM_MCE_APL_RPR,EBA_APL,true,1999-01-01 00:00:00,9999-12-31 00:00:00
1085,DPM_MCE_APL_RPR,EBA_RPR,true,1999-01-01 00:00:00,9999-12-31 00:00:00
1086,DPM_BAS_MCY_APL_RPR,EBA_MCY,true,1999-01-01 00:00:00,9999-12-31 00:00:00
1087,DPM_BAS_MCY_APL_RPR,EBA_APL,true,1999-01-01 00:00:00,9999-12-31 00:00:00
1088,DPM_BAS_MCY_APL_RPR,EBA_BAS,true,1999-01-01 00:00:00,9999-12-31 00:00:00
1089,DPM_BAS_MCY_APL_RPR,EBA_RPR,true,1999-01-01 00:00:00,9999-12-31 00:00:00
1090,DPM_md249,EBA_md249,true,1999-01-01 00:00:00,9999-12-31 00:00:00
1091,DPM_md251,EBA_md251,true,1999-01-01 00:00:00,9999-12-31 00:00:00
1092,DPM_md252,EBA_md252,true,1999-01-01 00:00:00,9999-12-31 00:00:00
1093,DPM_md254,EBA_md254,true,1999-01-01 00:00:00,9999-12-31 00:00:00
1094,DPM_md46,EBA_md46,true,1999-01-01 00:00:00,9999-12-31 00:00:00
1095,DPM_md509,EBA_md509,true,1999-01-01 00:00:00,9999-12-31 00:00:00
1096,DPM_md510,EBA_md510,true,1999-01-01 00:00:00,9999-12-31 00:00:00
1097,DPM_md511,EBA_md511,true,1999-01-01 00:00:00,9999-12-31 00:00:00
1098,DPM_md512,EBA_md512,true,1999-01-01 00:00:00,9999-12-31 00:00:00
1099,DPM_md513,EBA_md513,true,1999-01-01 00:00:00,9999-12-31 00:00:00
1100,DPM_md514,EBA_md514,true,1999-01-01 00:00:00,9999-12-31 00:00:00
1101,DPM_md515,EBA_md515,true,1999-01-01 00:00:00,9999-12-31 00:00:00
1102,DPM_md516,EBA_md516,true,1999-01-01 00:00:00,9999-12-31 00:00:00
1103,DPM_md59,EBA_md59,true,1999-01-01 00:00:00,9999-12-31 00:00:00
1104,DPM_md60,EBA_md60,true,1999-01-01 00:00:00,9999-12-31 00:00:00
1105,DPM_md62,EBA_md62,true,1999-01-01 00:00:00,9999-12-31 00:00:00
1106,DPM_md67,EBA_md67,true,1999-01-01 00:00:00,9999-12-31 00:00:00
1107,DPM_md69,EBA_md69,true,1999-01-01 00:00:00,9999-12-31 00:00:00
1108,DPM_md70,EBA_md70,true,1999-01-01 00:00:00,9999-12-31 00:00:00
1109,DPM_CPS_MCB_MCU_MCY,EBA_MCY,true,1999-01-01 00:00:00,9999-12-31 00:00:00
1110,DPM_CPS_MCB_MCU_MCY,EBA_MCB,true,1999-01-01 00:00:00,9999-12-31 00:00:00
1111,DPM_CPS_MCB_MCU_MCY,EBA_MCU,true,1999-01-01 00:00:00,9999-12-31 00:00:00
1112,DPM_CPS_MCB_MCU_MCY,EBA_CPS,true,1999-01-01 00:00:00,9999-12-31 00:00:00
1113,DPM_BAS_CPS_CPZ_MCB_MCG_MCY_MCP_PUR_APL,EBA_BAS,true,1999-01-01 00:00:00,9999-12-31 00:00:00
1114,DPM_BAS_CPS_CPZ_MCB_MCG_MCY_MCP_PUR_APL,EBA_MCY,true,1999-01-01 00:00:00,9999-12-31 00:00:00
1115,DPM_BAS_CPS_CPZ_MCB_MCG_MCY_MCP_PUR_APL,EBA_MCP,true,1999-01-01 00:00:00,9999-12-31 00:00:00
1116,DPM_BAS_CPS_CPZ_MCB_MCG_MCY_MCP_PUR_APL,EBA_APL,true,1999-01-01 00:00:00,9999-12-31 00:00:00
1117,DPM_BAS_CPS_CPZ_MCB_MCG_MCY_MCP_PUR_APL,EBA_CPS,true,1999-01-01 00:00:00,9999-12-31 00:00:00
1118,DPM_BAS_CPS_CPZ_MCB_MCG_MCY_MCP_PUR_APL,EBA_CPZ,true,1999-01-01 00:00:00,9999-12-31 00:00:00
1119,DPM_BAS_CPS_CPZ_MCB_MCG_MCY_MCP_PUR_APL,EBA_MCG,true,1999-01-01 00:00:00,9999-12-31 00:00:00
1120,DPM_BAS_CPS_CPZ_MCB_MCG_MCY_MCP_PUR_APL,EBA_PUR,true,1999-01-01 00:00:00,9999-12-31 00:00:00
1121,DPM_BAS_CPS_CPZ_MCB_MCG_MCY_MCP_PUR_APL,EBA_MCB,true,1999-01-01 00:00:00,9999-12-31 00:00:00
1122,DPM_md71,EBA_md71,true,1999-01-01 00:00:00,9999-12-31 00:00:00
1123,DPM_md72,EBA_md72,true,1999-01-01 00:00:00,9999-12-31 00:00:00
1124,DPM_md73,EBA_md73,true,1999-01-01 00:00:00,9999-12-31 00:00:00
1125,DPM_md83,EBA_md83,true,1999-01-01 00:00:00,9999-12-31 00:00:00
1126,DPM_md85,EBA_md85,true,1999-01-01 00:00:00,9999-12-31 00:00:00
1127,DPM_pi221,EBA_pi221,true,1999-01-01 00:00:00,9999-12-31 00:00:00
1128,DPM_pi223,EBA_pi223,true,1999-01-01 00:00:00,9999-12-31 00:00:00
1129,DPM_si168,EBA_si168,true,1999-01-01 00:00:00,9999-12-31 00:00:00
1130,DPM_si169,EBA_si169,true,1999-01-01 00:00:00,9999-12-31 00:00:00
1131,DPM_si288,EBA_si288,true,1999-01-01 00:00:00,9999-12-31 00:00:00
1132,DPM_si289,EBA_si289,true,1999-01-01 00:00:00,9999-12-31 00:00:00
1133,DPM_si299,EBA_si299,true,1999-01-01 00:00:00,9999-12-31 00:00:00
1134,DPM_ei138,EBA_ei138,true,1999-01-01 00:00:00,9999-12-31 00:00:00
1135,DPM_ei152,EBA_ei152,true,1999-01-01 00:00:00,9999-12-31 00:00:00
1136,DPM_ei218,EBA_ei218,true,1999-01-01 00:00:00,9999-12-31 00:00:00
1137,DPM_ei219,EBA_ei219,true,1999-01-01 00:00:00,9999-12-31 00:00:00
1138,DPM_ei364,EBA_ei364,true,1999-01-01 00:00:00,9999-12-31 00:00:00
1139,DPM_ei365,EBA_ei365,true,1999-01-01 00:00:00,9999-12-31 00:00:00
1140,DPM_IMS_PFS_TPD_2.9,EBA_IMS,true,1999-01-01 00:00:00,9999-12-31 00:00:00
1141,DPM_IMS_PFS_TPD_2.9,EBA_PFS,true,1999-01-01 00:00:00,9999-12-31 00:00:00
1142,DPM_IMS_PFS_TPD_2.9,EBA_TPD,true,1999-01-01 00:00:00,9999-12-31 00:00:00
1143,DPM_PAF,EBA_PAF,true,1999-01-01 00:00:00,9999-12-31 00:00:00
1144,DPM_TFM,EBA_TFM,true,1999-01-01 00:00:00,9999-12-31 00:00:00
1145,DPM_FRS,EBA_FRS,true,1999-01-01 00:00:00,9999-12-31 00:00:00
1146,DPM_MCP,EBA_MCP,true,1999-01-01 00:00:00,9999-12-31 00:00:00
1147,DPM_ALO,EBA_ALO,true,1999-01-01 00:00:00,9999-12-31 00:00:00
1148,DPM_RCP,EBA_RCP,true,1999-01-01 00:00:00,9999-12-31 00:00:00
1149,DPM_di113,EBA_di113,true,1999-01-01 00:00:00,9999-12-31 00:00:00
1150,DPM_mi772,EBA_mi772,true,1999-01-01 00:00:00,9999-12-31 00:00:00
1151,DPM_md677,EBA_md677,true,1999-01-01 00:00:00,9999-12-31 00:00:00
1152,DPM_md771,EBA_md771,true,1999-01-01 00:00:00,9999-12-31 00:00:00
1153,DPM_mi679,EBA_mi679,true,1999-01-01 00:00:00,9999-12-31 00:00:00
1154,DPM_mi678,EBA_mi678,true,1999-01-01 00:00:00,9999-12-31 00:00:00
1155,DPM_mi66,EBA_mi66,true,1999-01-01 00:00:00,9999-12-31 00:00:00
1156,DPM_md675,EBA_md675,true,1999-01-01 00:00:00,9999-12-31 00:00:00
1157,DPM_ii676,EBA_ii676,true,1999-01-01 00:00:00,9999-12-31 00:00:00
1158,DPM_mi770,EBA_mi770,true,1999-01-01 00:00:00,9999-12-31 00:00:00
1159,DPM_md683,EBA_md683,true,1999-01-01 00:00:00,9999-12-31 00:00:00
1160,DPM_md684,EBA_md684,true,1999-01-01 00:00:00,9999-12-31 00:00:00
1161,DPM_md685,EBA_md685,true,1999-01-01 00:00:00,9999-12-31 00:00:00
1162,DPM_IMS_PFS_TPD_F_18.02,EBA_IMS,true,1999-01-01 00:00:00,9999-12-31 00:00:00
1163,DPM_IMS_PFS_TPD_F_18.02,EBA_PFS,true,1999-01-01 00:00:00,9999-12-31 00:00:00
1164,DPM_IMS_PFS_TPD_F_18.02,EBA_TPD,true,1999-01-01 00:00:00,9999-12-31 00:00:00
1165,DPM_PFS_F_26.00.b,EBA_PFS,true,1999-01-01 00:00:00,9999-12-31 00:00:00
1166,DPM_CPS_MCE_TYH_IMS_APL,EBA_MCE,true,1999-01-01 00:00:00,9999-12-31 00:00:00
1167,DPM_CPS_MCE_TYH_IMS_APL,EBA_APL,true,1999-01-01 00:00:00,9999-12-31 00:00:00
1168,DPM_CPS_MCE_TYH_IMS_APL,EBA_CPS,true,1999-01-01 00:00:00,9999-12-31 00:00:00
1169,DPM_CPS_MCE_TYH_IMS_APL,EBA_TYH,true,1999-01-01 00:00:00,9999-12-31 00:00:00
1170,DPM_CPS_MCE_TYH_IMS_APL,EBA_IMS,true,1999-01-01 00:00:00,9999-12-31 00:00:00
1171,DPM_TIS,EBA_TIS,true,1999-01-01 00:00:00,9999-12-31 00:00:00
1172,DPM_md686,EBA_md686,true,1999-01-01 00:00:00,9999-12-31 00:00:00
1173,DPM_md687,EBA_md687,true,1999-01-01 00:00:00,9999-12-31 00:00:00
1174,DPM_mi688,EBA_mi688,true,1999-01-01 00:00:00,9999-12-31 00:00:00
1175,DPM_mi689,EBA_mi689,true,1999-01-01 00:00:00,9999-12-31 00:00:00
1176,DPM_ri695,EBA_ri695,true,1999-01-01 00:00:00,9999-12-31 00:00:00
1177,DPM_mi696,EBA_mi696,true,1999-01-01 00:00:00,9999-12-31 00:00:00
1178,DPM_mi697,EBA_mi697,true,1999-01-01 00:00:00,9999-12-31 00:00:00
1179,DPM_ri769,EBA_ri769,true,1999-01-01 00:00:00,9999-12-31 00:00:00
1180,DPM_ii699,EBA_ii699,true,1999-01-01 00:00:00,9999-12-31 00:00:00
1181,DPM_mi690,EBA_mi690,true,1999-01-01 00:00:00,9999-12-31 00:00:00
1182,DPM_mi691,EBA_mi691,true,1999-01-01 00:00:00,9999-12-31 00:00:00
1183,DPM_mi692,EBA_mi692,true,1999-01-01 00:00:00,9999-12-31 00:00:00
1184,DPM_CPS_MCY_TMA,EBA_MCY,true,1999-01-01 00:00:00,9999-12-31 00:00:00
1185,DPM_CPS_MCY_TMA,EBA_CPS,true,1999-01-01 00:00:00,9999-12-31 00:00:00
1186,DPM_CPS_MCY_TMA,EBA_TMA,true,1999-01-01 00:00:00,9999-12-31 00:00:00
1187,DPM_mi693,EBA_mi693,true,1999-01-01 00:00:00,9999-12-31 00:00:00
1188,DPM_ii694,EBA_ii694,true,1999-01-01 00:00:00,9999-12-31 00:00:00
1189,DPM_mi682,EBA_mi682,true,1999-01-01 00:00:00,9999-12-31 00:00:00
1190,DPM_si477,EBA_si477,true,1999-01-01 00:00:00,9999-12-31 00:00:00
1191,DPM_si476,EBA_si476,true,1999-01-01 00:00:00,9999-12-31 00:00:00
1192,DPM_si475,EBA_si475,true,1999-01-01 00:00:00,9999-12-31 00:00:00
1193,DPM_BAS,EBA_BAS,true,1999-01-01 00:00:00,9999-12-31 00:00:00
1194,DPM_ValueString,EBA_Value_String,true,1999-01-01 00:00:00,9999-12-31 00:00:00
1195,DPM_BAS_APL,EBA_APL,true,1999-01-01 00:00:00,9999-12-31 00:00:00
1196,DPM_BAS_APL,EBA_BAS,true,1999-01-01 00:00:00,9999-12-31 00:00:00
1197,DPM_CPS,EBA_CPS,true,1999-01-01 00:00:00,9999-12-31 00:00:00
1198,DPM_MCB_MCY,EBA_MCY,true,1999-01-01 00:00:00,9999-12-31 00:00:00
1199,DPM_MCB_MCY,EBA_MCB,true,1999-01-01 00:00:00,9999-12-31 00:00:00
1200,DPM_MCG,EBA_MCG,true,1999-01-01 00:00:00,9999-12-31 00:00:00
1201,DPM_PUR,EBA_PUR,true,1999-01-01 00:00:00,9999-12-31 00:00:00
1202,DPM_CPS_CPZ,EBA_CPS,true,1999-01-01 00:00:00,9999-12-31 00:00:00
1203,DPM_CPS_CPZ,EBA_CPZ,true,1999-01-01 00:00:00,9999-12-31 00:00:00
1204,DPM_MCB_MCY_2.9,EBA_MCY,true,1999-01-01 00:00:00,9999-12-31 00:00:00
1205,DPM_MCB_MCY_2.9,EBA_MCB,true,1999-01-01 00:00:00,9999-12-31 00:00:00
1206,DPM_PFS,EBA_PFS,true,1999-01-01 00:00:00,9999-12-31 00:00:00
1207,DPM_REF,EBA_REF,true,1999-01-01 00:00:00,9999-12-31 00:00:00
1208,DPM_FBS,EBA_FBS,true,1999-01-01 00:00:00,9999-12-31 00:00:00
1209,DPM_MCB_MCY_MCG,EBA_MCY,true,1999-01-01 00:00:00,9999-12-31 00:00:00
1210,DPM_MCB_MCY_MCG,EBA_MCG,true,1999-01-01 00:00:00,9999-12-31 00:00:00
1211,DPM_MCB_MCY_MCG,EBA_MCB,true,1999-01-01 00:00:00,9999-12-31 00:00:00
1212,DPM_PFS_TPD,EBA_PFS,true,1999-01-01 00:00:00,9999-12-31 00:00:00
1213,DPM_PFS_TPD,EBA_TPD,true,1999-01-01 00:00:00,9999-12-31 00:00:00
1214,DPM_FLW,EBA_FLW,true,1999-01-01 00:00:00,9999-12-31 00:00:00
1215,DPM_CPS_CPZ_MCC_MCG_MCY_PUR,EBA_MCC,true,1999-01-01 00:00:00,9999-12-31 00:00:00
1216,DPM_CPS_CPZ_MCC_MCG_MCY_PUR,EBA_MCY,true,1999-01-01 00:00:00,9999-12-31 00:00:00
1217,DPM_CPS_CPZ_MCC_MCG_MCY_PUR,EBA_CPS,true,1999-01-01 00:00:00,9999-12-31 00:00:00
1218,DPM_CPS_CPZ_MCC_MCG_MCY_PUR,EBA_MCG,true,1999-01-01 00:00:00,9999-12-31 00:00:00
1219,DPM_CPS_CPZ_MCC_MCG_MCY_PUR,EBA_PUR,true,1999-01-01 00:00:00,9999-12-31 00:00:00
1220,DPM_CPS_CPZ_MCC_MCG_MCY_PUR,EBA_CPZ,true,1999-01-01 00:00:00,9999-12-31 00:00:00
1221,DPM_BAS_MCP_MCY,EBA_BAS,true,1999-01-01 00:00:00,9999-12-31 00:00:00
1222,DPM_BAS_MCP_MCY,EBA_MCY,true,1999-01-01 00:00:00,9999-12-31 00:00:00
1223,DPM_BAS_MCP_MCY,EBA_MCP,true,1999-01-01 00:00:00,9999-12-31 00:00:00
1224,DPM_BAS_MDC_MCP_MCY_RPR,EBA_BAS,true,1999-01-01 00:00:00,9999-12-31 00:00:00
1225,DPM_BAS_MDC_MCP_MCY_RPR,EBA_MCY,true,1999-01-01 00:00:00,9999-12-31 00:00:00
1226,DPM_BAS_MDC_MCP_MCY_RPR,EBA_MCP,true,1999-01-01 00:00:00,9999-12-31 00:00:00
1227,DPM_BAS_MDC_MCP_MCY_RPR,EBA_MCD,true,1999-01-01 00:00:00,9999-12-31 00:00:00
1228,DPM_BAS_MDC_MCP_MCY_RPR,EBA_RPR,true,1999-01-01 00:00:00,9999-12-31 00:00:00
1229,DPM_TRI,EBA_TRI,true,1999-01-01 00:00:00,9999-12-31 00:00:00
1230,DPM_LEC_1,EBA_LEC,true,1999-01-01 00:00:00,9999-12-31 00:00:00
1231,DPM_MCI,EBA_MCI,true,1999-01-01 00:00:00,9999-12-31 00:00:00
1232,DPM_TMA,EBA_TMA,true,1999-01-01 00:00:00,9999-12-31 00:00:00
1233,DPM_CPS_MCY,EBA_MCY,true,1999-01-01 00:00:00,9999-12-31 00:00:00
1234,DPM_CPS_MCY,EBA_CPS,true,1999-01-01 00:00:00,9999-12-31 00:00:00
1235,DPM_TYH,EBA_TYH,true,1999-01-01 00:00:00,9999-12-31 00:00:00
1236,DPM_BAS_CNO_MCB_MCY_APL,EBA_MCY,true,1999-01-01 00:00:00,9999-12-31 00:00:00
1237,DPM_BAS_CNO_MCB_MCY_APL,EBA_MCB,true,1999-01-01 00:00:00,9999-12-31 00:00:00
1238,DPM_BAS_CNO_MCB_MCY_APL,EBA_APL,true,1999-01-01 00:00:00,9999-12-31 00:00:00
1239,DPM_BAS_CNO_MCB_MCY_APL,EBA_BAS,true,1999-01-01 00:00:00,9999-12-31 00:00:00
1240,DPM_BAS_CNO_MCB_MCY_APL,EBA_CNO,true,1999-01-01 00:00:00,9999-12-31 00:00:00
1241,DPM_SCO,EBA_SCO,true,1999-01-01 00:00:00,9999-12-31 00:00:00
1242,DPM_SOL,EBA_SOL,true,1999-01-01 00:00:00,9999-12-31 00:00:00
1243,DPM_MCE_APL_PLD,EBA_MCE,true,1999-01-01 00:00:00,9999-12-31 00:00:00
1244,DPM_MCE_APL_PLD,EBA_APL,true,1999-01-01 00:00:00,9999-12-31 00:00:00
1245,DPM_MCE_APL_PLD,EBA_PLD,true,1999-01-01 00:00:00,9999-12-31 00:00:00
1246,DPM_ATY_FINREP,EBA_ATY,true,1999-01-01 00:00:00,9999-12-31 00:00:00
1247,DPM_LQC_AE_F36.02.c,EBA_LQC,true,1999-01-01 00:00:00,9999-12-31 00:00:00
1248,DPM_LQC_AE_F32.02.a,EBA_LQC,true,1999-01-01 00:00:00,9999-12-31 00:00:00
1249,DPM_BAS_CPE_CPS_MCS_MCY_AE_F32.04.a,EBA_BAS,true,1999-01-01 00:00:00,9999-12-31 00:00:00
1250,DPM_BAS_CPE_CPS_MCS_MCY_AE_F32.04.a,EBA_MCY,true,1999-01-01 00:00:00,9999-12-31 00:00:00
1251,DPM_BAS_CPE_CPS_MCS_MCY_AE_F32.04.a,EBA_MCS,true,1999-01-01 00:00:00,9999-12-31 00:00:00
1252,DPM_BAS_CPE_CPS_MCS_MCY_AE_F32.04.a,EBA_CPE,true,1999-01-01 00:00:00,9999-12-31 00:00:00
1253,DPM_BAS_CPE_CPS_MCS_MCY_AE_F32.04.a,EBA_CPS,true,1999-01-01 00:00:00,9999-12-31 00:00:00
1254,DPM_TMA_AE_F32.04a,EBA_TMA,true,1999-01-01 00:00:00,9999-12-31 00:00:00
1255,DPM_CPC_ECC_MCG_AE_F36.01.b,EBA_MCG,true,1999-01-01 00:00:00,9999-12-31 00:00:00
1256,DPM_CPC_ECC_MCG_AE_F36.01.b,EBA_ECC,true,1999-01-01 00:00:00,9999-12-31 00:00:00
1257,DPM_CPC_ECC_MCG_AE_F36.01.b,EBA_CPC,true,1999-01-01 00:00:00,9999-12-31 00:00:00
1258,DPM_RPR_AE_F36,EBA_RPR,true,1999-01-01 00:00:00,9999-12-31 00:00:00
1259,DPM_SCC_AE,EBA_SCC,true,1999-01-01 00:00:00,9999-12-31 00:00:00
1260,DPM_CPC_ECC_MCG_AE_F36.02.b,EBA_MCG,true,1999-01-01 00:00:00,9999-12-31 00:00:00
1261,DPM_CPC_ECC_MCG_AE_F36.02.b,EBA_ECC,true,1999-01-01 00:00:00,9999-12-31 00:00:00
1262,DPM_CPC_ECC_MCG_AE_F36.02.b,EBA_CPC,true,1999-01-01 00:00:00,9999-12-31 00:00:00
1263,DPM_REF_RES_AE_F35.00.a,EBA_REF,true,1999-01-01 00:00:00,9999-12-31 00:00:00
1264,DPM_REF_RES_AE_F35.00.a,EBA_RES,true,1999-01-01 00:00:00,9999-12-31 00:00:00
1265,DPM_BAS_MCY_SST_AE_F32.03.b,EBA_BAS,true,1999-01-01 00:00:00,9999-12-31 00:00:00
1266,DPM_BAS_MCY_SST_AE_F32.03.b,EBA_MCY,true,1999-01-01 00:00:00,9999-12-31 00:00:00
1267,DPM_BAS_MCY_SST_AE_F32.03.b,EBA_SST,true,1999-01-01 00:00:00,9999-12-31 00:00:00
1268,DPM_ENC_AE_F32.02.a,EBA_ENC,true,1999-01-01 00:00:00,9999-12-31 00:00:00
1269,DPM_LQA_AE_F32.03.b,EBA_LQA,true,1999-01-01 00:00:00,9999-12-31 00:00:00
1270,DPM_BAS_CPS_EXC_MCY_AE_F36.01.a,EBA_BAS,true,1999-01-01 00:00:00,9999-12-31 00:00:00
1271,DPM_BAS_CPS_EXC_MCY_AE_F36.01.a,EBA_CPS,true,1999-01-01 00:00:00,9999-12-31 00:00:00
1272,DPM_BAS_CPS_EXC_MCY_AE_F36.01.a,EBA_EXC,true,1999-01-01 00:00:00,9999-12-31 00:00:00
1273,DPM_BAS_CPS_EXC_MCY_AE_F36.01.a,EBA_MCY,true,1999-01-01 00:00:00,9999-12-31 00:00:00
1274,DPM_MCG_AE,EBA_MCG,true,1999-01-01 00:00:00,9999-12-31 00:00:00
1275,DPM_LQA_AE_F36.01.c,EBA_LQA,true,1999-01-01 00:00:00,9999-12-31 00:00:00
1276,DPM_CRA_AE,EBA_CRA,true,1999-01-01 00:00:00,9999-12-31 00:00:00
1277,DPM_BAS_CRA_AE_F35.00.c,EBA_BAS,true,1999-01-01 00:00:00,9999-12-31 00:00:00
1278,DPM_BAS_CRA_AE_F35.00.c,EBA_CRA,true,1999-01-01 00:00:00,9999-12-31 00:00:00
1279,DPM_ValueDecimalString,EBA_Value_String,true,1999-01-01 00:00:00,9999-12-31 00:00:00
1280,DPM_ei207,EBA_ei207,true,1999-01-01 00:00:00,9999-12-31 00:00:00
1281,DPM_BAS_CPS_EXC_MCG_MCY_AE_F32.01,EBA_BAS,true,1999-01-01 00:00:00,9999-12-31 00:00:00
1282,DPM_BAS_CPS_EXC_MCG_MCY_AE_F32.01,EBA_EXC,true,1999-01-01 00:00:00,9999-12-31 00:00:00
1283,DPM_ATY_AE,EBA_ATY,true,1999-01-01 00:00:00,9999-12-31 00:00:00
1284,DPM_mi53,EBA_mi53,true,1999-01-01 00:00:00,9999-12-31 00:00:00
1285,DPM_mi129,EBA_mi129,true,1999-01-01 00:00:00,9999-12-31 00:00:00
1286,DPM_mi287,EBA_mi287,true,1999-01-01 00:00:00,9999-12-31 00:00:00
1287,DPM_mi279,EBA_mi279,true,1999-01-01 00:00:00,9999-12-31 00:00:00
1288,DPM_mi296,EBA_mi296,true,1999-01-01 00:00:00,9999-12-31 00:00:00
1289,DPM_si292,EBA_mi292,true,1999-01-01 00:00:00,9999-12-31 00:00:00
1290,DPM_si295,EBA_mi295,true,1999-01-01 00:00:00,9999-12-31 00:00:00
1291,DPM_si297,EBA_mi297,true,1999-01-01 00:00:00,9999-12-31 00:00:00
1292,DPM_ei4,EBA_ei4,true,1999-01-01 00:00:00,9999-12-31 00:00:00
1293,DPM_BAS_CPS_EXC_MCG_MCY_AE_F32.01,EBA_MCG,true,1999-01-01 00:00:00,9999-12-31 00:00:00
1294,DPM_BAS_CPS_EXC_MCG_MCY_AE_F32.01,EBA_MCY,true,1999-01-01 00:00:00,9999-12-31 00:00:00
1295,DPM_RPR_AE,EBA_RPR,true,1999-01-01 00:00:00,9999-12-31 00:00:00
1296,DPM_RiadCode,EBA_Riad_Code,true,1999-01-01 00:00:00,9999-12-31 00:00:00
1297,DPM_Period,EBA_Reported_Period,true,1999-01-01 00:00:00,9999-12-31 00:00:00
1298,DPM_Entity2,EBA_Entity_Id,true,1999-01-01 00:00:00,9999-12-31 00:00:00
1299,DPM_ValueDecimal,EBA_Value_Decimal,true,1999-01-01 00:00:00,9999-12-31 00:00:00
1300,DPM_BAS_CPS_EXC_MCG_MCY_AE_F32.01,EBA_CPS,true,1999-01-01 00:00:00,9999-12-31 00:00:00
1301,DPM_ENC_LQA_AE_F32.01,EBA_ENC,true,1999-01-01 00:00:00,9999-12-31 00:00:00
1302,DPM_ENC_LQA_AE_F32.01,EBA_LQA,true,1999-01-01 00:00:00,9999-12-31 00:00:00
1303,DPM_BAS_MCG_MCY_AE_F33.00.a,EBA_BAS,true,1999-01-01 00:00:00,9999-12-31 00:00:00
1304,DPM_BAS_MCG_MCY_AE_F33.00.a,EBA_MCY,true,1999-01-01 00:00:00,9999-12-31 00:00:00
1305,DPM_BAS_MCG_MCY_AE_F33.00.a,EBA_MCG,true,1999-01-01 00:00:00,9999-12-31 00:00:00
1306,DPM_ENC_AE,EBA_ENC,true,1999-01-01 00:00:00,9999-12-31 00:00:00
1307,DPM_EUT_AE,EBA_EUT,true,1999-01-01 00:00:00,9999-12-31 00:00:00
1308,DPM_BAS_CPC_ECC_EXC_MCG_MCY_AE_F32.02.a,EBA_BAS,true,1999-01-01 00:00:00,9999-12-31 00:00:00
1309,DPM_BAS_CPC_ECC_EXC_MCG_MCY_AE_F32.02.a,EBA_ECC,true,1999-01-01 00:00:00,9999-12-31 00:00:00
1310,DPM_BAS_CPC_ECC_EXC_MCG_MCY_AE_F32.02.a,EBA_EXC,true,1999-01-01 00:00:00,9999-12-31 00:00:00
1311,DPM_BAS_CPC_ECC_EXC_MCG_MCY_AE_F32.02.a,EBA_MCG,true,1999-01-01 00:00:00,9999-12-31 00:00:00
1312,DPM_BAS_CPC_ECC_EXC_MCG_MCY_AE_F32.02.a,EBA_MCY,true,1999-01-01 00:00:00,9999-12-31 00:00:00
1313,DPM_BAS_CPC_ECC_EXC_MCG_MCY_AE_F32.02.a,EBA_CPC,true,1999-01-01 00:00:00,9999-12-31 00:00:00
1314,DPM_TMA_AE_F32.04b,EBA_TMA,true,1999-01-01 00:00:00,9999-12-31 00:00:00
1315,DPM_CPE_MCS_AE_F32.04.b,EBA_CPE,true,1999-01-01 00:00:00,9999-12-31 00:00:00
1316,DPM_CPE_MCS_AE_F32.04.b,EBA_MCS,true,1999-01-01 00:00:00,9999-12-31 00:00:00
1317,DPM_BAS_MCS_MCY_AE_F35.00.a,EBA_BAS,true,1999-01-01 00:00:00,9999-12-31 00:00:00
1318,DPM_BAS_MCS_MCY_AE_F35.00.a,EBA_MCY,true,1999-01-01 00:00:00,9999-12-31 00:00:00
1319,DPM_BAS_MCS_MCY_AE_F35.00.a,EBA_MCS,true,1999-01-01 00:00:00,9999-12-31 00:00:00
1320,DPM_BAS_MCY_AE_F32.02.b,EBA_BAS,true,1999-01-01 00:00:00,9999-12-31 00:00:00
1321,DPM_BAS_MCY_AE_F32.02.b,EBA_MCY,true,1999-01-01 00:00:00,9999-12-31 00:00:00
1322,DPM_CUS_AE,EBA_CUS,true,1999-01-01 00:00:00,9999-12-31 00:00:00
1323,DPM_CSC_AE,EBA_CSC,true,1999-01-01 00:00:00,9999-12-31 00:00:00
1324,DPM_BAS_AE_F32.03.a,EBA_BAS,true,1999-01-01 00:00:00,9999-12-31 00:00:00
1325,DPM_MCS_MCY_SST_AE_F32.03.a,EBA_MCY,true,1999-01-01 00:00:00,9999-12-31 00:00:00
1326,DPM_MCS_MCY_SST_AE_F32.03.a,EBA_MCS,true,1999-01-01 00:00:00,9999-12-31 00:00:00
1327,DPM_MCS_MCY_SST_AE_F32.03.a,EBA_SST,true,1999-01-01 00:00:00,9999-12-31 00:00:00
1328,DPM_BAS_EXC_MCY_AE_F32.04.b,EBA_BAS,true,1999-01-01 00:00:00,9999-12-31 00:00:00
1329,DPM_BAS_EXC_MCY_AE_F32.04.b,EBA_EXC,true,1999-01-01 00:00:00,9999-12-31 00:00:00
1330,DPM_BAS_EXC_MCY_AE_F32.04.b,EBA_MCY,true,1999-01-01 00:00:00,9999-12-31 00:00:00